age,education,black,hispanic,married,nodegree,re74,re75,u74,u75,t,y,pred_y_A0,pred_y_A1
25,14,0,0,1,0,17939.046875,14322.5810546875,0,0,0,9974.654296875,16550.75,16556.883
30,9,0,0,1,1,23511.201171875,19441.11328125,0,0,0,26599.078125,21996.809,22002.941
40,11,0,0,1,1,20572.30078125,21483.87109375,0,0,0,27485.71484375,22656.738,22663.266
52,8,0,0,1,1,0.0,0.0,1,1,0,0.0,3442.3745,3496.0725
51,10,1,0,1,1,27429.734375,25064.515625,0,0,0,24382.48828125,27327.43,27334.027
34,12,1,0,1,0,15674.1337890625,15754.8388671875,0,0,0,17732.71875,16844.328,16850.86
47,16,0,0,1,0,60737.26953125,60870.96875,0,0,0,78319.5078125,64212.703,64219.234
48,17,0,0,1,0,31348.26953125,29540.322265625,0,0,0,32951.82421875,31906.54,31913.064
26,15,0,0,1,0,27429.734375,25064.515625,0,0,0,28815.66796875,27200.695,27207.293
31,14,0,0,1,0,23707.12890625,20767.7421875,0,0,0,23939.171875,22932.89,22939.027
18,11,0,0,0,1,4351.53173828125,32270.564453125,0,0,0,2364.36254882812,30925.766,30932.316
29,17,0,0,1,0,0.0,25959.677734375,1,0,0,36898.83203125,30697.854,30721.549
41,8,1,0,1,1,3918.53369140625,11171.61328125,0,0,0,5910.90625,11266.974,11273.546
26,17,1,0,0,0,26841.955078125,25243.548828125,0,0,0,20392.626953125,27205.504,27212.03
25,11,1,0,0,1,4055.68237304688,11637.0966796875,0,0,0,0.0,11631.941,11638.514
23,12,0,0,0,0,13714.8681640625,10741.9345703125,0,0,0,15959.447265625,12559.254,12565.388
21,12,0,0,0,0,11755.6005859375,11637.0966796875,0,0,0,10048.541015625,12483.545,12490.07
32,12,0,0,1,0,35266.80078125,32225.806640625,0,0,0,33987.7109375,34887.688,34894.285
20,10,0,0,1,1,16849.6953125,11995.1611328125,0,0,0,17880.4921875,14613.949,14620.083
27,16,0,0,1,0,19592.66796875,12532.2578125,0,0,0,17720.896484375,16194.381,16200.5625
37,17,1,0,1,0,23511.201171875,19693.548828125,0,0,0,76841.78125,22267.36,22273.494
28,13,0,0,1,0,32327.90234375,31688.7109375,0,0,0,40637.48046875,33687.414,33693.94
29,9,0,0,1,1,14890.427734375,19693.548828125,0,0,0,25860.21484375,20004.852,20011.508
31,12,0,0,1,0,18593.44140625,14814.9189453125,0,0,0,16254.9921875,17144.533,17150.668
28,16,0,0,1,0,51920.5703125,48875.8046875,0,0,0,56153.609375,52341.156,52347.68
24,12,0,0,1,0,17633.400390625,18440.322265625,0,0,0,19949.30859375,19395.926,19402.455
31,9,1,0,1,1,6024.74560546875,5621.61279296875,0,0,0,10196.3134765625,6309.898,6316.4214
44,5,1,0,1,1,9796.333984375,8951.61328125,0,0,0,8866.359375,9961.074,9967.673
34,12,0,0,1,0,10775.966796875,11637.0966796875,0,0,0,14186.1748046875,12322.307,12328.813
27,8,1,0,0,1,0.0,0.0,1,1,1,0.0,2121.1946,2174.8997
32,16,0,0,1,0,577.983703613281,6910.64501953125,0,0,0,18609.01171875,7454.4985,7470.3623
27,14,0,0,1,0,23707.12890625,29540.322265625,0,0,0,23200.306640625,30082.676,30089.332
52,8,0,0,1,1,19592.66796875,17903.2265625,0,0,0,17289.400390625,19632.24,19638.84
37,15,0,1,1,0,45063.13671875,39387.09765625,0,0,0,45809.5234375,43281.85,43287.98
28,8,1,0,0,1,0.0,0.0,1,1,1,0.0,2174.3284,2228.0334
37,11,1,0,1,1,10188.1865234375,13964.515625,0,0,0,13299.5390625,14293.475,14300.128
42,13,0,0,1,0,0.0,0.0,1,1,0,0.0,3156.3357,3210.0408
27,12,1,0,1,0,9067.486328125,5370.9677734375,0,0,0,6649.76953125,7404.957,7411.139
52,9,0,0,1,1,24627.984375,25064.515625,0,0,0,19210.4453125,26591.957,26598.484
27,12,1,0,1,0,9796.333984375,0.0,0,1,0,11821.8134765625,11666.981,11675.932
40,7,1,0,1,1,8816.7001953125,8951.61328125,0,0,0,11821.8134765625,9699.003,9705.533
22,12,0,0,1,0,15674.1337890625,22916.12890625,0,0,0,31771.12109375,22942.992,22949.645
27,7,1,0,1,1,7954.623046875,7161.29052734375,0,0,0,5910.90625,7982.8657,7989.466
26,12,1,0,1,0,15411.5927734375,8951.61328125,0,0,0,11082.94921875,12272.481,12278.664
29,12,0,0,1,0,29389.001953125,25959.677734375,0,0,0,35465.4375,28452.344,28458.637
53,8,0,0,1,1,0.0,14322.5810546875,1,0,0,0.0,17892.785,17919.08
21,13,0,0,0,0,15674.1337890625,4946.6611328125,0,0,0,1733.37329101562,12505.97,12513.539
43,12,0,0,1,0,27233.80859375,25064.515625,0,0,0,29554.53125,27229.254,27235.8
22,16,0,0,0,0,16653.767578125,22737.09765625,0,0,0,37682.02734375,22972.752,22979.404
25,12,1,0,1,0,22139.71484375,33300.0,0,0,0,29554.53125,33143.105,33149.773
26,12,0,0,1,0,23315.275390625,26767.11328125,0,0,0,27633.486328125,27523.922,27530.545
33,12,0,0,1,0,17633.400390625,17903.2265625,0,0,0,15811.673828125,19033.078,19039.607
29,17,1,0,1,0,50940.9375,41177.41796875,0,0,0,39603.0703125,46814.605,46820.74
25,14,0,0,1,0,28409.369140625,30435.484375,0,0,0,10935.1767578125,31672.484,31678.992
27,12,1,0,1,0,13127.087890625,12353.2255859375,0,0,0,11526.2666015625,13455.414,13461.938
34,14,0,0,1,0,21551.935546875,23274.193359375,0,0,0,22165.8984375,24309.863,24316.37
31,11,1,0,1,1,13127.087890625,14859.6767578125,0,0,0,16254.9921875,15478.152,15484.775
29,10,1,0,1,1,11755.6005859375,9780.5322265625,0,0,0,8866.359375,11188.028,11194.162
42,13,0,0,1,0,13701.1533203125,0.0,0,1,0,33987.7109375,16290.859,16299.809
23,11,0,1,1,1,14263.4619140625,8414.515625,0,0,0,26599.078125,11423.497,11429.678
22,11,0,0,1,1,19592.66796875,20588.7109375,0,0,0,27929.03125,21579.25,21585.781
23,12,0,0,1,0,19396.740234375,12532.2578125,0,0,0,25121.3515625,16044.492,16050.635
38,2,0,0,0,1,1077.5966796875,6266.12890625,0,0,0,2955.453125,6259.74,6267.7246
53,4,1,0,1,1,11892.7490234375,8951.61328125,0,0,0,10344.0859375,10836.372,10842.506
39,5,1,0,1,1,4051.763671875,13427.4189453125,0,0,0,14629.4931640625,13347.583,13354.158
30,9,1,0,0,1,1959.26684570312,162.919357299805,0,0,0,16809.140625,2272.6523,2283.0808
25,17,0,0,1,0,21551.935546875,31151.61328125,0,0,0,53937.01953125,31195.254,31201.912
27,8,1,0,0,1,6269.65380859375,6624.193359375,0,0,0,7388.6328125,7119.8926,7126.4214
44,11,1,0,0,1,5172.46435546875,6266.12890625,0,0,0,0.0,6752.274,6758.935
52,8,1,0,1,1,35266.80078125,33120.96875,0,0,0,44147.08203125,35695.2,35701.727
47,17,0,0,1,0,36246.4375,34016.12890625,0,0,0,35465.4375,36697.566,36704.094
18,11,0,0,0,1,3678.23095703125,919.557922363281,0,0,1,4321.705078125,3316.8718,3324.4397
54,12,0,0,1,0,0.0,0.0,1,1,0,0.0,3737.6594,3791.3708
28,9,1,0,0,1,0.0,0.0,1,1,1,10694.2900390625,2230.5857,2284.2908
37,10,0,0,1,1,36246.4375,17545.16015625,0,0,0,17732.71875,26582.41,26588.594
21,12,0,0,1,0,10580.041015625,8056.45166015625,0,0,0,12117.3583984375,9603.061,9609.195
22,11,1,0,1,1,12539.3076171875,21483.87109375,0,0,0,13299.5390625,21407.504,21414.062
30,12,0,0,1,0,16849.6953125,17366.12890625,0,0,0,18978.44140625,18386.074,18392.602
33,9,0,0,1,1,12735.234375,6266.12890625,0,0,0,8866.359375,9583.924,9590.105
18,11,1,0,0,1,0.0,0.0,1,1,1,4814.626953125,1811.6691,1865.2695
24,12,1,0,0,0,10775.966796875,9309.677734375,0,0,0,8275.2685546875,10464.773,10470.906
33,12,0,0,0,0,18808.9609375,16028.7578125,0,0,0,17502.193359375,17978.494,17984.627
52,17,0,0,1,0,31348.26953125,31293.048828125,0,0,0,32509.984375,33317.414,33323.94
31,9,0,0,1,1,0.0,0.0,1,1,0,0.0,2382.82,2436.5251
31,11,0,0,1,1,15870.060546875,15602.6611328125,0,0,0,17732.71875,16744.766,16751.291
35,10,1,0,1,1,15674.1337890625,16470.96875,0,0,0,23643.625,17398.832,17405.36
29,12,0,0,1,0,22531.568359375,21483.87109375,0,0,0,22165.8984375,23098.836,23105.363
21,12,0,0,0,0,16653.767578125,17903.2265625,0,0,0,19210.4453125,18692.918,18699.426
26,12,0,0,1,0,13714.8681640625,716.129028320312,0,0,0,22904.76171875,14262.599,14271.555
21,11,0,0,1,1,14400.611328125,11458.0654296875,0,0,0,0.0,13273.667,13279.801
22,14,0,0,1,0,21551.935546875,21483.87109375,0,0,0,23200.306640625,22819.744,22826.27
30,12,0,0,1,0,24490.8359375,25064.515625,0,0,0,29554.53125,26436.215,26442.744
43,12,0,0,0,0,32327.90234375,33479.03125,0,0,0,33987.7109375,35176.96,35183.492
39,10,1,0,0,1,11755.6005859375,12532.2578125,0,0,0,25248.435546875,13296.825,13303.331
37,17,0,0,1,0,50940.9375,44758.06640625,0,0,0,50242.703125,49037.32,49043.445
41,5,1,0,1,1,8424.84765625,10741.9345703125,0,0,0,8689.0322265625,11141.181,11147.838
34,10,1,0,1,1,21551.935546875,10083.0966796875,0,0,0,18471.58203125,15740.345,15746.49
48,10,1,0,1,1,10785.763671875,5370.9677734375,0,0,0,14895.484375,8307.682,8313.863
23,12,1,0,0,0,6494.96923828125,12532.2578125,0,0,0,14186.1748046875,12590.084,12596.643
23,12,1,0,0,0,6269.3408203125,3039.9599609375,0,0,1,8484.2392578125,4808.486,4814.6685
23,12,0,0,0,0,13714.8681640625,10741.9345703125,0,0,0,15959.447265625,12559.254,12565.388
39,14,0,0,1,0,31348.26953125,27750.0,0,0,0,47287.25,30450.23,30456.523
20,9,1,0,0,1,6083.994140625,0.0,0,1,1,8881.6650390625,7302.186,7311.1343
30,16,0,0,1,0,26450.1015625,28197.580078125,0,0,0,29554.53125,29450.684,29457.19
28,12,0,0,1,0,13323.013671875,12532.2578125,0,0,0,10935.1767578125,13647.951,13654.476
41,12,1,0,1,0,21551.935546875,24885.484375,0,0,0,21427.03515625,25698.695,25705.342
46,12,0,0,1,0,29389.001953125,24214.11328125,0,0,0,33987.7109375,27492.719,27498.855
28,16,0,0,1,0,51920.5703125,48875.8046875,0,0,0,56153.609375,52341.156,52347.68
22,12,1,0,1,0,14790.5048828125,14680.64453125,0,0,0,14038.40234375,15690.057,15696.582
22,11,1,0,1,1,4449.4951171875,6187.35498046875,0,0,0,14570.3837890625,6435.042,6441.696
54,12,0,0,1,0,12735.234375,17894.2734375,0,0,0,19343.44140625,18270.271,18276.926
44,13,0,0,1,0,27429.734375,26774.2734375,0,0,0,35465.4375,28647.652,28654.18
18,8,1,0,0,1,0.0,0.0,1,1,1,0.0,1642.9692,1696.5609
46,11,1,0,1,1,17868.513671875,17903.2265625,0,0,0,13326.1376953125,19180.72,19187.25
20,15,0,0,1,0,17437.474609375,8056.45166015625,0,0,0,18471.58203125,12691.375,12697.5205
34,10,1,0,0,1,15674.1337890625,12532.2578125,0,0,0,25121.3515625,14532.473,14538.606
40,12,0,0,1,0,15674.1337890625,14322.5810546875,0,0,0,16254.9921875,15748.882,15755.482
23,12,0,0,1,0,13714.8681640625,15754.8388671875,0,0,0,24205.16015625,16305.419,16312.063
31,12,0,0,1,0,21356.0078125,15038.7099609375,0,0,0,35465.4375,18441.06,18447.195
25,14,0,0,1,0,21551.935546875,22916.12890625,0,0,0,31505.130859375,23965.232,23971.736
48,17,0,0,1,0,0.0,0.0,1,1,0,0.0,3700.1667,3753.8718
29,4,1,0,0,1,0.0,0.0,1,1,1,762.914611816406,2002.4213,2056.1328
42,9,0,0,1,1,23511.201171875,21841.935546875,0,0,0,26303.533203125,23694.395,23700.918
50,12,1,0,1,0,0.0,0.0,1,1,0,0.0,3570.7898,3624.5012
35,12,0,0,1,0,10188.1865234375,9309.677734375,0,0,0,11821.8134765625,10342.486,10349.086
22,12,0,0,1,0,17703.935546875,12532.2578125,0,0,0,20688.171875,15325.586,15331.721
34,11,0,0,1,1,0.0,19693.548828125,1,0,0,14777.265625,23572.191,23596.738
46,12,0,0,1,0,0.0,0.0,1,1,0,0.0,3312.6033,3366.3147
49,6,0,1,1,1,12539.3076171875,16470.96875,0,0,0,13595.083984375,16899.668,16906.324
38,9,1,0,1,1,4228.09765625,7941.87109375,0,0,0,11245.4990234375,8168.351,8174.9087
22,12,1,0,1,0,13665.8857421875,17903.2265625,0,0,0,13299.5390625,18216.354,18223.01
23,10,1,0,1,1,0.0,936.438598632812,1,0,1,11233.259765625,2283.5378,2316.3467
24,12,1,0,0,0,19592.66796875,11995.1611328125,0,0,0,19210.4453125,15841.589,15847.771
35,15,1,0,1,0,29477.169921875,34098.484375,0,0,0,19062.673828125,35040.645,35047.29
23,12,0,0,1,0,19592.66796875,21215.322265625,0,0,0,24884.916015625,22088.354,22094.86
48,8,1,0,1,1,16261.9140625,11637.0966796875,0,0,0,5172.04296875,14311.022,14317.156
37,11,1,0,1,1,0.0,0.0,1,1,1,9930.0458984375,2859.7888,2913.494
51,8,1,0,1,1,23511.201171875,23274.193359375,0,0,0,23643.625,24881.535,24888.06
45,12,0,0,1,0,24686.76171875,15217.7421875,0,0,0,27929.03125,20079.273,20085.455
19,9,0,0,1,1,4858.98193359375,6087.0966796875,0,0,0,10639.630859375,6363.111,6369.766
46,17,0,0,1,0,45063.13671875,57290.32421875,0,0,0,36943.1640625,58055.71,58062.367
27,12,1,0,1,0,14694.5009765625,13427.4189453125,0,0,0,14079.779296875,14709.914,14716.513
49,6,0,0,1,1,35266.80078125,33120.96875,0,0,0,26894.623046875,35650.547,35657.07
47,16,0,0,1,0,42124.234375,41177.41796875,0,0,0,44331.796875,43860.156,43866.676
54,12,0,0,1,0,0.0,0.0,1,1,0,0.0,3737.6594,3791.3708
33,17,0,0,1,0,29389.001953125,30435.484375,0,0,0,19210.4453125,32006.328,32012.857
37,17,0,0,1,0,30956.4140625,30435.484375,0,0,0,27939.376953125,32441.14,32447.668
22,12,0,0,1,0,15674.1337890625,22916.12890625,0,0,0,31771.12109375,22942.992,22949.645
27,12,1,0,1,0,13714.8681640625,19425.0,0,0,0,25860.21484375,19598.957,19605.61
39,7,0,0,1,1,13714.8681640625,6624.193359375,0,0,0,0.0,10248.376,10254.559
25,14,0,0,1,0,33307.53515625,31330.64453125,0,0,0,35760.984375,33646.625,33653.15
42,13,0,0,1,0,0.0,0.0,1,1,0,0.0,3156.3357,3210.0408
43,12,0,0,1,0,15674.1337890625,14680.64453125,0,0,0,13831.521484375,16048.726,16055.25
29,15,0,0,0,0,0.0,21483.87109375,1,0,0,22313.671875,25546.41,25570.957
29,10,0,0,1,1,7347.25048828125,0.0,0,1,0,0.0,8847.97,8856.916
46,10,0,0,1,1,11755.6005859375,7161.29052734375,0,0,0,10166.7587890625,9719.845,9726.027
31,9,0,0,1,1,0.0,0.0,1,1,0,0.0,2382.82,2436.5251
47,16,0,0,1,0,78370.671875,78774.1953125,0,0,0,97677.7265625,82897.945,82904.48
52,10,0,0,1,1,35266.80078125,17187.09765625,0,0,0,39159.75390625,26030.78,26036.963
25,17,0,0,1,0,21551.935546875,31151.61328125,0,0,0,53937.01953125,31195.254,31201.912
26,10,0,0,0,1,12000.5087890625,14322.5810546875,0,0,0,17732.71875,14780.501,14787.156
34,14,0,0,1,0,28017.515625,26854.83984375,0,0,0,36943.1640625,28807.133,28813.656
40,4,1,0,0,1,2962.41137695312,1933.54833984375,0,0,0,1034.40856933594,2737.1348,2744.1934
25,17,0,0,1,0,10384.1142578125,22004.85546875,0,0,0,49429.953125,21936.625,21943.18
28,9,0,0,1,1,16653.767578125,17158.451171875,0,0,0,17957.33203125,18134.639,18141.168
29,17,0,0,1,0,24098.982421875,24527.419921875,0,0,0,23643.625,25953.012,25959.54
24,16,1,0,0,0,19494.705078125,15217.7421875,0,0,0,23643.625,17759.129,17765.264
22,16,0,0,0,0,16653.767578125,22737.09765625,0,0,0,37682.02734375,22972.752,22979.404
45,12,0,0,1,0,48981.671875,50487.09765625,0,0,0,46548.38671875,52923.17,52929.7
49,11,0,0,1,1,9404.48046875,11637.0966796875,0,0,0,9457.4501953125,12185.348,12192.003
41,12,0,1,1,0,22531.568359375,20946.7734375,0,0,0,22165.8984375,22753.129,22759.656
28,12,0,0,1,0,24294.908203125,18261.2890625,0,0,0,21427.03515625,21618.191,21624.328
26,17,0,0,1,0,25470.46875,26854.83984375,0,0,0,44331.796875,28120.727,28127.254
25,11,1,0,1,1,0.0,0.0,1,1,1,0.0,2222.1914,2275.786
29,17,0,0,1,0,16653.767578125,16112.9033203125,0,0,0,17732.71875,17389.422,17395.95
35,17,0,0,1,0,19592.66796875,44758.06640625,0,0,0,36943.1640625,44281.492,44288.04
24,11,0,0,1,1,9796.333984375,24885.484375,0,0,0,25121.3515625,24632.395,24638.941
38,2,0,0,0,1,1077.5966796875,6266.12890625,0,0,0,2955.453125,6259.74,6267.7246
54,4,1,0,0,1,11933.8935546875,10965.7255859375,0,0,0,11821.8134765625,12149.412,12155.991
39,8,0,0,1,1,14694.5009765625,12532.2578125,0,0,0,16254.9921875,14135.525,14141.659
52,12,0,0,1,0,33307.53515625,34171.88671875,0,0,0,28667.896484375,36044.79,36051.32
42,17,0,0,1,0,23511.201171875,22379.03125,0,0,0,0.0,24191.184,24197.71
27,16,0,0,1,0,15674.1337890625,14322.5810546875,0,0,0,22165.8984375,15702.107,15708.707
28,10,1,0,0,1,0.0,2836.50610351562,1,0,1,3196.57104492188,4490.94,4522.776
26,13,0,1,1,0,21953.5859375,5671.74169921875,0,0,0,25860.21484375,18407.246,18414.816
37,8,0,0,1,1,15674.1337890625,26317.7421875,0,0,0,36943.1640625,26233.71,26240.27
27,17,0,0,1,0,25078.615234375,19693.548828125,0,0,0,24530.26171875,22858.092,22864.227
40,16,0,0,1,0,35266.80078125,35806.453125,0,0,0,36943.1640625,37802.355,37808.89
40,12,0,0,1,0,15674.1337890625,14322.5810546875,0,0,0,16254.9921875,15748.882,15755.482
36,12,1,0,1,0,0.0,8951.61328125,1,0,0,11821.8134765625,11534.217,11563.857
25,16,0,0,1,0,19200.814453125,22558.064453125,0,0,0,33396.62109375,23211.938,23218.598
45,12,1,0,1,0,24490.8359375,21483.87109375,0,0,0,28076.8046875,23773.043,23779.207
46,10,0,0,1,1,11755.6005859375,7161.29052734375,0,0,0,10166.7587890625,9719.845,9726.027
37,7,0,0,1,1,9796.333984375,29719.35546875,0,0,0,5172.04296875,29234.287,29240.863
25,12,0,0,1,0,8816.7001953125,16112.9033203125,0,0,0,26599.078125,16131.725,16138.282
55,16,1,0,1,0,13714.8681640625,11995.1611328125,0,0,0,23531.318359375,13574.977,13581.272
26,16,0,0,1,0,29389.001953125,28645.16015625,0,0,0,35022.12109375,30541.617,30548.145
23,12,0,0,1,0,7837.0673828125,8951.61328125,0,0,0,12058.2490234375,9395.085,9401.729
54,12,0,0,1,0,0.0,0.0,1,1,0,0.0,3737.6594,3791.3708
22,11,1,0,0,1,11069.857421875,5191.935546875,0,0,0,9605.22265625,8178.479,8184.6562
30,12,1,0,1,0,17760.75390625,17366.12890625,0,0,0,19210.4453125,18629.107,18635.635
29,17,0,0,1,0,13127.087890625,19693.548828125,0,0,0,0.0,19800.621,19807.29
30,17,0,0,0,0,0.0,0.0,1,1,0,0.0,2705.1233,2758.7234
24,12,0,0,1,0,29780.85546875,30883.064453125,0,0,0,32509.984375,32353.912,32360.443
42,9,0,0,1,1,28017.515625,23453.2265625,0,0,0,26377.419921875,26406.014,26412.148
27,12,0,0,1,0,25470.46875,23095.16015625,0,0,0,31032.2578125,25122.93,25129.506
25,8,0,0,1,1,5877.80029296875,0.0,0,1,0,8866.359375,7101.8677,7110.815
39,13,0,0,1,0,0.0,0.0,1,1,0,0.0,2996.935,3050.6404
24,12,0,0,1,0,13029.1240234375,13964.515625,0,0,0,41571.40234375,14675.06,14681.565
22,10,0,0,1,1,19592.66796875,15217.7421875,0,0,0,0.0,17739.914,17746.047
49,12,0,0,1,0,39185.3359375,35806.453125,0,0,0,33987.7109375,38837.555,38844.156
37,14,0,0,1,0,30368.634765625,44758.06640625,0,0,0,81274.9609375,44624.434,44631.113
26,17,0,0,1,0,25470.46875,26854.83984375,0,0,0,44331.796875,28120.727,28127.254
26,16,0,0,1,0,19004.888671875,16112.9033203125,0,0,0,26599.078125,18112.07,18118.203
50,12,0,0,1,0,22306.25390625,27544.11328125,0,0,0,26876.890625,28235.312,28241.969
46,8,0,0,1,1,16457.841796875,16112.9033203125,0,0,0,16254.9921875,17368.512,17375.037
26,8,1,0,1,1,6857.43359375,3580.64526367188,0,0,0,1994.93090820312,5369.847,5376.029
35,15,0,0,1,0,41144.6015625,39387.09765625,0,0,0,35465.4375,42105.68,42112.203
35,11,1,0,1,1,7335.4951171875,8557.7421875,0,0,0,7388.6328125,9053.51,9060.17
40,9,1,0,1,1,8424.84765625,6572.2744140625,0,0,0,8866.359375,7895.9263,7902.06
42,16,0,0,0,0,4398.55419921875,17903.2265625,0,0,0,16254.9921875,17659.836,17666.434
29,16,0,0,1,0,24490.8359375,23453.2265625,0,0,0,25860.21484375,25197.8,25204.324
24,13,1,0,1,0,11755.6005859375,10741.9345703125,0,0,0,31097.27734375,11821.162,11827.762
30,12,0,0,1,0,1959.26684570312,1790.32263183594,0,0,0,1477.7265625,2265.698,2273.1233
47,17,0,0,1,0,68574.3359375,38670.96875,0,0,0,0.0,53126.78,53132.96
28,13,0,0,1,0,15282.28125,14322.5810546875,0,0,0,14038.40234375,15576.559,15583.083
23,15,0,0,1,0,16653.767578125,13427.4189453125,0,0,0,16993.85546875,15462.638,15468.7705
30,12,0,0,1,0,0.0,0.0,1,1,0,0.0,2462.4756,2516.0876
43,9,0,0,1,1,21630.3046875,11565.484375,0,0,0,11821.8134765625,16633.562,16639.746
25,16,0,0,1,0,20964.154296875,24706.451171875,0,0,0,26229.646484375,25380.994,25387.648
37,17,0,0,1,0,82289.203125,85040.3203125,0,0,0,110829.4921875,88791.016,88797.555
20,11,1,0,0,1,3637.498046875,1220.83605957031,0,0,1,1085.43994140625,3067.2466,3074.86
21,14,0,1,0,0,0.0,71.6128997802734,1,0,0,3657.37329101562,1696.6681,1747.8507
29,14,0,0,1,0,17633.400390625,17187.09765625,0,0,0,19699.572265625,18461.625,18468.148
25,12,0,1,1,0,22335.642578125,24169.35546875,0,0,0,31032.2578125,25142.342,25148.848
25,5,1,0,1,1,19592.66796875,16650.0,0,0,0,28076.8046875,18590.422,18596.559
20,10,0,0,0,1,1381.28308105469,3523.35473632812,0,0,0,9309.677734375,3691.2385,3698.6052
50,6,1,0,1,1,13033.04296875,4092.67749023438,0,0,0,0.0,10641.957,10649.525
27,16,0,0,1,0,7053.3603515625,11637.0966796875,0,0,0,25121.3515625,11799.34,11805.897
36,12,0,0,1,0,15873.98046875,12727.4033203125,0,0,0,17444.5625,14762.863,14768.998
25,10,0,0,1,1,10580.041015625,8647.2578125,0,0,0,8866.359375,9973.98,9980.114
33,12,1,0,1,0,23511.201171875,14322.5810546875,0,0,0,23643.625,18979.332,18985.516
44,15,0,0,1,0,43103.87109375,39387.09765625,0,0,0,51232.78125,42671.92,42678.523
45,12,0,0,1,0,28589.62109375,28263.822265625,0,0,0,29258.986328125,30120.066,30126.592
47,10,1,0,1,1,29389.001953125,26854.83984375,0,0,0,0.0,29220.303,29226.904
26,16,0,0,0,0,25862.322265625,31790.7578125,0,0,0,15646.1689453125,32403.066,32409.72
35,17,0,0,1,0,37226.0703125,35806.453125,0,0,0,39898.6171875,38286.566,38293.09
25,12,1,0,1,0,13714.8681640625,8235.484375,0,0,0,17732.71875,11095.92,11102.102
45,9,0,0,1,1,0.0,0.0,1,1,0,0.0,3126.6714,3180.383
22,11,1,0,0,1,0.0,0.0,1,1,1,6456.69677734375,2024.2272,2077.8274
27,16,0,0,0,0,22531.568359375,30435.484375,0,0,0,42854.0703125,30717.0,30723.652
23,11,1,0,1,1,15674.1337890625,8414.515625,0,0,0,8866.359375,12073.145,12079.327
34,6,0,1,1,1,15478.2080078125,16112.9033203125,0,0,0,16254.9921875,17016.436,17022.965
23,16,0,0,1,0,6857.43359375,14143.5478515625,0,0,0,22165.8984375,14204.279,14210.824
27,15,0,0,1,0,7445.2138671875,10741.9345703125,0,0,0,18471.58203125,10981.939,10988.627
24,12,1,0,0,0,22531.568359375,26854.83984375,0,0,0,29554.53125,27475.008,27481.664
38,12,0,0,0,0,0.0,0.0,1,1,1,4941.84912109375,2849.0576,2902.7627
32,13,1,0,1,0,18808.9609375,14143.5478515625,0,0,0,26599.078125,16847.402,16853.537
27,12,1,0,1,0,16011.1279296875,16112.9033203125,0,0,0,20460.6015625,17168.219,17174.748
55,8,0,0,1,1,0.0,0.0,1,1,0,0.0,3601.7864,3655.4846
20,12,1,0,0,0,2351.1201171875,4475.806640625,0,0,0,17732.71875,4658.7476,4665.3047
33,12,0,0,1,0,2351.1201171875,0.0,0,1,0,2770.7373046875,3211.9524,3222.3538
23,11,0,0,1,1,17045.62109375,11986.2099609375,0,0,0,5910.90625,14718.503,14724.637
28,16,0,0,1,0,0.0,8951.61328125,1,0,0,36943.1640625,11405.029,11433.953
52,12,0,0,1,0,0.0,0.0,1,1,0,0.0,3631.3953,3685.1072
28,7,1,0,1,1,5877.80029296875,8142.38720703125,0,0,0,1477.7265625,8384.611,8391.265
30,12,0,0,1,0,19592.66796875,21483.87109375,0,0,0,23348.080078125,22348.459,22354.965
27,14,0,0,0,0,7837.0673828125,14322.5810546875,0,0,0,16254.9921875,14397.05,14403.605
47,11,0,0,1,1,16928.064453125,15409.3056640625,0,0,0,17732.71875,16973.273,16979.871
46,12,0,0,1,0,29389.001953125,24214.11328125,0,0,0,33987.7109375,27492.719,27498.855
52,9,0,0,1,1,19592.66796875,16112.9033203125,0,0,0,24045.56640625,18462.256,18468.39
39,12,0,0,1,0,33307.53515625,39387.09765625,0,0,0,28076.8046875,40299.5,40306.156
34,16,0,0,1,0,35266.80078125,34016.12890625,0,0,0,35465.4375,36351.3,36357.824
47,12,0,0,1,0,13714.8681640625,0.0,0,1,0,12560.67578125,16341.416,16350.365
52,6,1,0,1,1,235.112014770508,1246.064453125,0,0,0,1477.7265625,2421.0674,2453.0088
47,8,0,0,0,1,0.0,0.0,1,1,0,0.0,3138.216,3191.9138
34,7,1,0,1,1,5877.80029296875,12532.2578125,0,0,0,14777.265625,12616.463,12623.018
51,10,1,0,1,1,27429.734375,25064.515625,0,0,0,24382.48828125,27327.43,27334.027
18,12,0,0,1,0,19984.521484375,23274.193359375,0,0,0,26599.078125,23877.078,23883.742
43,12,0,0,1,0,30564.5625,23811.2890625,0,0,0,31032.2578125,27722.893,27729.023
30,17,0,0,1,0,27429.734375,25064.515625,0,0,0,20688.171875,27246.238,27252.836
24,12,0,0,1,0,18808.9609375,17903.2265625,0,0,0,18323.810546875,19278.398,19284.922
24,12,0,0,1,0,20180.447265625,19693.548828125,0,0,0,29554.53125,21046.068,21052.596
25,13,1,0,0,0,10246.96484375,15396.7744140625,0,0,0,12486.7900390625,15493.123,15499.793
22,11,1,0,0,1,0.0,0.0,1,1,1,6456.69677734375,2024.2272,2077.8274
22,12,1,0,0,0,6583.13671875,4475.806640625,0,0,0,0.0,5749.4297,5755.563
53,6,0,0,1,1,0.0,17187.09765625,1,0,0,45809.5234375,21074.969,21099.59
45,12,0,0,1,0,35266.80078125,38366.61328125,0,0,0,38420.890625,39819.953,39826.46
24,11,0,0,1,1,14694.5009765625,15575.8056640625,0,0,0,14777.265625,16370.891,16377.41
48,8,0,0,1,1,31510.888671875,35795.7109375,0,0,0,28076.8046875,36867.207,36873.83
34,17,0,0,1,0,32327.90234375,34016.12890625,0,0,0,33987.7109375,35595.61,35602.14
21,12,0,0,1,0,16306.9775390625,18529.83984375,0,0,0,11969.5849609375,19139.867,19146.486
24,11,0,0,1,1,9796.333984375,24885.484375,0,0,0,25121.3515625,24632.395,24638.941
50,14,0,0,1,0,70533.6015625,29540.322265625,0,0,0,51720.4296875,50133.17,50139.668
45,9,1,0,1,1,0.0,0.0,1,1,0,0.0,3172.3298,3226.041
27,17,0,0,1,0,0.0,0.0,1,1,0,0.0,2584.239,2637.8447
42,6,0,1,1,1,10775.966796875,22558.064453125,0,0,0,11821.8134765625,22498.047,22504.594
24,13,1,0,1,0,11755.6005859375,10741.9345703125,0,0,0,31097.27734375,11821.162,11827.762
25,12,0,0,0,0,8683.470703125,9130.6455078125,0,0,0,15811.673828125,9735.9375,9742.467
25,12,0,0,0,0,0.0,0.0,1,1,1,5587.5029296875,2158.2412,2211.8328
21,14,0,0,1,0,13832.423828125,8777.951171875,0,0,0,591.090637207031,11436.195,11442.377
25,12,0,0,0,0,0.0,0.0,1,1,1,5587.5029296875,2158.2412,2211.8328
22,11,1,0,1,1,7837.0673828125,5012.9033203125,0,0,0,3694.31640625,6609.849,6616.0767
52,10,1,0,1,1,0.0,0.0,1,1,0,0.0,3600.5159,3654.2275
23,12,0,0,1,0,14063.6171875,11100.0,0,0,0,14777.265625,12931.109,12937.243
40,12,0,0,1,0,15674.1337890625,14322.5810546875,0,0,0,16254.9921875,15748.882,15755.482
31,12,0,0,1,0,27429.734375,22379.03125,0,0,0,0.0,25459.607,25465.742
25,12,0,0,0,0,8683.470703125,9130.6455078125,0,0,0,15811.673828125,9735.9375,9742.467
46,8,0,0,1,1,14498.57421875,10741.9345703125,0,0,0,14186.1748046875,13007.424,13013.558
46,4,0,0,1,1,15674.1337890625,14322.5810546875,0,0,0,8866.359375,15716.017,15722.617
44,12,0,0,1,0,0.0,0.0,1,1,0,0.0,3206.3389,3260.0505
36,14,0,0,1,0,23511.201171875,23274.193359375,0,0,0,33248.84765625,24830.328,24836.855
22,12,0,0,1,0,21551.935546875,26765.322265625,0,0,0,35465.4375,27245.387,27252.043
27,12,1,0,0,0,2143.4130859375,357.949890136719,0,0,1,22163.25,2282.2703,2290.6555
30,11,0,0,1,1,16065.98828125,17989.16015625,0,0,0,23052.53515625,18682.023,18688.676
54,15,0,0,1,0,23511.201171875,21483.87109375,0,0,0,59109.0625,23546.246,23552.844
24,10,1,0,1,1,14482.900390625,10741.9345703125,0,0,0,11821.8134765625,12887.691,12893.824
17,10,1,0,0,1,0.0,0.0,1,1,1,0.0,1702.2904,1755.8907
30,12,0,0,1,0,33307.53515625,32046.7734375,0,0,0,37682.02734375,34226.297,34232.824
34,17,0,0,0,0,32131.9765625,44758.06640625,0,0,0,9161.9052734375,44907.77,44914.42
23,12,0,0,1,0,16065.98828125,4833.87109375,0,0,0,25564.669921875,13006.69,13014.259
25,12,0,0,1,0,26450.1015625,26836.935546875,0,0,0,35465.4375,28309.393,28315.922
33,13,0,0,1,0,41732.3828125,47264.515625,0,0,0,51073.1875,48507.53,48514.156
32,12,1,0,1,0,25470.46875,22379.03125,0,0,0,31771.12109375,24648.242,24654.371
21,11,0,0,1,1,16653.767578125,13427.4189453125,0,0,0,10344.0859375,15418.61,15424.745
30,17,0,0,1,0,27429.734375,25064.515625,0,0,0,20688.171875,27246.238,27252.836
28,12,0,0,1,0,29976.78125,0.0,0,1,0,0.0,34836.355,34845.312
47,10,0,0,1,1,19004.888671875,17903.2265625,0,0,0,21722.580078125,19464.564,19471.088
22,12,0,0,1,0,11755.6005859375,14465.8056640625,0,0,0,18102.150390625,14869.527,14876.184
27,6,0,0,1,1,9992.2607421875,11637.0966796875,0,0,0,13299.5390625,12072.805,12079.465
24,11,1,0,1,1,824.388610839844,1666.11303710938,0,0,1,4032.7080078125,1957.915,1967.3613
54,15,0,0,1,0,48981.671875,35806.453125,0,0,0,88663.59375,42854.695,42860.83
33,16,0,0,1,0,38597.5546875,41177.41796875,0,0,0,42854.0703125,42851.527,42858.03
29,16,0,0,1,0,0.0,0.0,1,1,0,8396.4423828125,2634.281,2687.8845
24,11,1,0,0,1,0.0,0.0,1,1,1,995.7001953125,2130.527,2184.1187
25,12,1,0,1,0,22139.71484375,33300.0,0,0,0,29554.53125,33143.105,33149.773
51,12,0,0,1,0,44083.50390625,41177.41796875,0,0,0,48764.9765625,44351.85,44358.38
43,12,0,0,1,0,21551.935546875,20588.7109375,0,0,0,19210.4453125,22230.73,22237.258
24,10,1,0,1,1,11703.2001953125,4078.15209960938,0,0,1,0.0,9132.555,9140.131
38,16,0,0,1,0,58778.00390625,50129.03125,0,0,0,38420.890625,55594.883,55601.016
32,12,0,0,1,0,23511.201171875,13785.484375,0,0,0,31032.2578125,18671.25,18677.434
33,11,1,0,0,1,0.0,7867.916015625,1,0,1,6281.43310546875,10207.48,10237.9795
37,16,0,0,1,0,49961.3046875,41177.41796875,0,0,0,39898.6171875,46437.984,46444.117
27,16,0,0,1,0,18417.107421875,18798.38671875,0,0,0,25860.21484375,19940.826,19947.354
49,5,1,0,0,1,6583.13671875,5729.0322265625,0,0,0,12560.67578125,6626.012,6632.3726
44,16,1,0,1,0,31644.1171875,30621.677734375,0,0,0,23495.853515625,32807.562,32814.086
21,12,1,0,1,0,5868.00390625,3043.54833984375,0,0,0,10048.541015625,4622.0015,4628.183
23,12,1,0,1,0,19592.66796875,17008.064453125,0,0,0,22165.8984375,18854.438,18860.572
23,16,0,0,1,0,14694.5009765625,23274.193359375,0,0,0,25121.3515625,23235.357,23241.916
30,11,1,0,1,1,0.0,0.0,1,1,1,590.781799316406,2487.854,2541.5283
22,12,0,0,1,0,12539.3076171875,12532.2578125,0,0,0,14369.4130859375,13406.957,13413.483
28,15,0,0,1,0,15082.435546875,18619.35546875,0,0,0,13986.681640625,19120.693,19127.348
26,17,1,0,0,0,26841.955078125,25243.548828125,0,0,0,20392.626953125,27205.504,27212.03
40,5,1,0,1,1,10188.1865234375,12174.1943359375,0,0,0,0.0,12663.568,12670.23
23,12,1,0,1,0,10775.966796875,20481.2890625,0,0,0,29391.982421875,20407.738,20414.297
55,11,0,0,1,1,36638.2890625,37417.7421875,0,0,0,32177.49609375,39482.47,39489.0
27,16,0,0,1,0,18417.107421875,18798.38671875,0,0,0,25860.21484375,19940.826,19947.354
37,12,0,0,1,0,19016.64453125,20893.064453125,0,0,0,16993.85546875,21779.332,21785.84
24,12,1,0,1,0,26841.955078125,31688.7109375,0,0,0,33839.9375,32411.71,32418.365
53,6,1,0,1,1,15674.1337890625,16112.9033203125,0,0,0,9974.654296875,17196.99,17203.521
27,11,1,0,0,1,0.0,0.0,1,1,1,0.0,2289.9666,2343.582
19,9,0,0,0,1,0.0,0.0,1,1,1,13188.830078125,1706.6653,1760.2577
32,12,0,0,1,0,23903.0546875,24812.080078125,0,0,0,12412.9033203125,26096.68,26103.21
26,17,0,0,1,0,12735.234375,25064.515625,0,0,0,26599.078125,24962.584,24969.135
34,12,0,0,1,0,30564.5625,24885.484375,0,0,0,24678.033203125,28320.488,28326.621
35,11,1,0,1,1,15674.1337890625,17903.2265625,0,0,0,0.0,18583.969,18590.613
25,12,1,0,0,0,0.0,0.0,1,1,1,0.0,2203.91,2257.5032
27,14,0,0,1,0,13714.8681640625,15217.7421875,0,0,0,13447.3115234375,15885.014,15891.59
50,12,0,0,1,0,15282.28125,14322.5810546875,0,0,0,13151.7666015625,15710.632,15717.156
26,12,0,0,1,0,23511.201171875,0.0,0,1,0,0.0,27395.113,27404.062
29,10,1,0,1,1,10384.1142578125,7304.51611328125,0,0,0,11501.146484375,9105.086,9111.22
42,11,1,0,0,1,14694.5009765625,15217.7421875,0,0,0,11821.8134765625,16205.23,16211.759
26,14,0,0,1,0,17241.548828125,20588.7109375,0,0,0,24530.26171875,21162.52,21169.176
54,11,0,0,1,1,17829.328125,15754.8388671875,0,0,0,18102.150390625,17543.56,17550.008
46,12,0,0,1,0,31740.12109375,25780.64453125,0,0,0,17437.173828125,29433.771,29439.902
24,12,1,0,0,0,22531.568359375,26854.83984375,0,0,0,29554.53125,27475.008,27481.664
23,16,0,0,1,0,10384.1142578125,26854.83984375,0,0,0,11821.8134765625,26583.383,26589.93
43,12,0,0,1,0,19592.66796875,21483.87109375,0,0,0,22165.8984375,22433.318,22439.824
54,12,1,0,0,0,15674.1337890625,25064.515625,0,0,0,20688.171875,25161.107,25167.664
54,12,0,0,1,0,0.0,0.0,1,1,0,0.0,3737.6594,3791.3708
20,12,0,0,1,0,9796.333984375,10204.8388671875,0,0,0,29258.986328125,10846.637,10853.167
24,12,1,0,1,0,13714.8681640625,16112.9033203125,0,0,0,16254.9921875,16637.543,16644.203
44,12,0,0,1,0,14498.57421875,14424.62890625,0,0,0,14579.25,15550.381,15556.908
51,9,0,0,0,1,35266.80078125,32225.806640625,0,0,0,39898.6171875,34980.47,34987.062
24,12,1,0,0,0,13765.75,2842.76391601562,0,0,1,6167.68115234375,12194.215,12201.783
21,13,0,0,1,0,9796.333984375,8593.548828125,0,0,0,28787.591796875,9611.695,9617.991
22,11,0,0,0,1,16653.767578125,3759.67749023438,0,0,0,0.0,14409.105,14416.674
23,17,0,0,0,0,4898.1669921875,2148.38720703125,0,0,0,33987.7109375,3750.742,3758.443
47,6,1,0,1,1,10775.966796875,8056.45166015625,0,0,0,0.0,9803.208,9809.342
24,10,0,0,1,1,16144.3583984375,20767.7421875,0,0,0,22904.76171875,21120.293,21126.95
34,12,1,0,1,0,15674.1337890625,15754.8388671875,0,0,0,17732.71875,16844.328,16850.86
27,10,0,0,1,1,9404.48046875,11812.5478515625,0,0,0,11821.8134765625,12185.246,12191.903
55,8,1,0,1,1,17241.548828125,17903.2265625,0,0,0,16254.9921875,19046.258,19052.787
17,10,1,0,0,1,0.0,0.0,1,1,1,0.0,1702.2904,1755.8907
50,7,0,0,1,1,20180.447265625,14322.5810546875,0,0,0,0.0,17589.078,17595.213
41,10,1,0,1,1,21551.935546875,20767.7421875,0,0,0,25121.3515625,22350.697,22357.223
33,13,0,0,0,0,7837.0673828125,3580.64526367188,0,0,0,16254.9921875,5889.672,5895.817
50,17,0,0,1,0,42907.94140625,44758.06640625,0,0,0,39898.6171875,46911.133,46917.664
33,17,0,0,1,0,43566.2578125,42967.7421875,0,0,0,40785.25390625,45564.062,45570.58
26,12,0,0,0,0,6269.65380859375,11637.0966796875,0,0,0,10344.0859375,11730.289,11736.847
43,12,1,0,1,0,715.132385253906,1879.83874511719,0,0,0,5910.90625,2389.8123,2401.2942
24,10,1,0,1,1,11703.2001953125,4078.15209960938,0,0,1,0.0,9132.555,9140.131
26,14,0,0,1,0,17241.548828125,20588.7109375,0,0,0,24530.26171875,21162.52,21169.176
29,12,0,0,1,0,15678.052734375,17487.87109375,0,0,0,10196.3134765625,18180.734,18187.37
23,12,1,0,0,0,0.0,0.0,1,1,1,4843.17578125,2097.6233,2151.2239
44,12,0,0,1,0,0.0,0.0,1,1,0,0.0,3206.3389,3260.0505
45,8,1,0,1,1,6857.43359375,9537.048828125,0,0,0,9408.685546875,9891.285,9897.939
20,13,0,0,0,0,7837.0673828125,17491.451171875,0,0,0,2216.58984375,17416.195,17422.746
28,12,0,0,1,0,22727.494140625,20051.61328125,0,0,0,22904.76171875,22051.77,22058.055
26,12,0,0,1,0,8228.9208984375,13606.4521484375,0,0,0,11969.5849609375,13691.961,13698.518
55,7,1,0,1,1,32504.236328125,26854.83984375,0,0,0,31918.89453125,30429.47,30435.605
25,9,0,0,1,1,14263.4619140625,12890.3232421875,0,0,0,16254.9921875,14135.445,14142.019
41,3,1,0,1,1,6990.6640625,3222.58056640625,0,0,0,9497.3486328125,5281.9985,5288.156
51,16,0,0,1,0,31348.26953125,35448.38671875,0,0,0,44331.796875,36627.453,36634.07
21,13,0,0,0,0,0.0,692.854858398438,1,0,0,2659.90771484375,1984.8861,2017.7554
26,16,0,0,1,0,18221.181640625,22379.03125,0,0,0,18471.58203125,22920.352,22927.008
46,16,0,0,1,0,38597.5546875,37596.7734375,0,0,0,48764.9765625,40116.383,40122.914
37,12,0,0,1,0,22441.44140625,16385.03125,0,0,0,23269.759765625,19753.742,19759.877
36,12,1,0,1,0,0.0,8951.61328125,1,0,0,11821.8134765625,11534.217,11563.857
53,7,0,0,1,1,0.0,0.0,1,1,0,0.0,3439.2693,3492.9673
34,6,0,1,1,1,15478.2080078125,16112.9033203125,0,0,0,16254.9921875,17016.436,17022.965
22,12,0,0,0,0,15674.1337890625,11637.0966796875,0,0,0,20688.171875,13920.775,13926.91
53,5,1,0,1,1,14008.7578125,2660.41943359375,0,0,0,11082.94921875,12750.473,12758.039
24,16,0,0,0,0,19592.66796875,17903.2265625,0,0,0,16993.85546875,19512.768,19519.367
30,10,1,0,1,1,22335.642578125,0.0,0,1,0,121173.578125,26072.844,26081.793
27,12,0,0,0,0,20964.154296875,18440.322265625,0,0,0,23348.080078125,20314.668,20320.844
28,12,0,0,1,0,20376.375,17903.2265625,0,0,0,32509.984375,19754.254,19760.43
51,12,0,0,1,0,44083.50390625,41177.41796875,0,0,0,48764.9765625,44351.85,44358.38
36,12,1,0,1,0,41732.3828125,37596.7734375,0,0,0,31032.2578125,40846.5,40853.06
30,12,0,0,1,0,25470.46875,25959.677734375,0,0,0,28076.8046875,27396.186,27402.715
23,10,1,0,0,1,1469.45007324219,5370.9677734375,0,0,0,0.0,5454.3447,5460.977
28,12,0,0,1,0,14694.5009765625,15933.87109375,0,0,0,0.0,16687.285,16693.79
38,13,0,0,1,0,50940.9375,73403.2265625,0,0,0,25121.3515625,73108.04,73114.68
29,17,0,0,1,0,15674.1337890625,14143.5478515625,0,0,0,25860.21484375,15588.369,15594.97
48,12,0,0,1,0,36246.4375,31330.64453125,0,0,0,32509.984375,34716.125,34722.258
32,10,1,0,0,1,10188.1865234375,8951.61328125,0,0,0,0.0,10039.855,10046.17
21,12,0,0,1,0,16065.98828125,20588.7109375,0,0,0,28815.66796875,20943.73,20950.39
31,11,1,0,1,1,13127.087890625,14859.6767578125,0,0,0,16254.9921875,15478.152,15484.775
19,10,0,0,0,1,0.0,5324.10888671875,1,0,1,13829.6201171875,6901.0454,6931.4
55,14,0,0,1,0,0.0,0.0,1,1,0,0.0,3903.316,3957.027
24,16,0,0,0,0,19592.66796875,17903.2265625,0,0,0,16993.85546875,19512.768,19519.367
24,13,0,0,1,0,23903.0546875,1790.32263183594,0,0,0,449.228881835938,23586.754,23593.805
37,17,0,0,1,0,30956.4140625,30435.484375,0,0,0,27939.376953125,32441.14,32447.668
40,10,0,0,1,1,18417.107421875,17903.2265625,0,0,0,20688.171875,19267.64,19274.164
43,17,0,0,1,0,49961.3046875,48338.7109375,0,0,0,51424.88671875,51520.188,51526.72
29,17,0,0,0,0,26614.6796875,28503.7265625,0,0,0,29315.140625,29731.22,29737.727
24,12,0,0,1,0,18808.9609375,18798.38671875,0,0,0,23052.53515625,19985.445,19991.97
22,15,0,0,0,0,1967.10388183594,2864.51611328125,0,0,0,5024.2705078125,3145.3528,3152.939
52,15,0,0,1,0,39185.3359375,35806.453125,0,0,0,38420.890625,38886.176,38892.773
54,16,1,0,1,0,15674.1337890625,14322.5810546875,0,0,0,11821.8134765625,15885.298,15891.898
27,11,1,0,0,1,0.0,0.0,1,1,1,0.0,2289.9666,2343.582
25,14,1,0,1,0,33699.390625,17724.193359375,0,0,0,25121.3515625,25479.562,25485.746
29,12,0,0,1,0,21551.935546875,17008.064453125,0,0,0,20688.171875,19709.574,19715.707
24,12,0,0,1,0,20180.447265625,19693.548828125,0,0,0,29554.53125,21046.068,21052.596
35,12,1,0,1,0,16065.98828125,16086.0478515625,0,0,0,19210.4453125,17213.73,17220.26
32,14,0,0,1,0,30368.634765625,24169.35546875,0,0,0,22165.8984375,27808.117,27814.25
45,4,0,1,1,1,16261.9140625,28108.064453125,0,0,0,28076.8046875,28001.09,28007.648
40,8,0,0,1,1,50940.9375,55500.0,0,0,0,53198.15625,57327.633,57334.14
54,4,1,0,0,1,11933.8935546875,10965.7255859375,0,0,0,11821.8134765625,12149.412,12155.991
21,13,0,0,0,0,0.0,692.854858398438,1,0,0,2659.90771484375,1984.8861,2017.7554
25,11,0,0,1,1,12735.234375,21483.87109375,0,0,0,8204.337890625,21425.916,21432.473
41,10,1,0,1,1,10090.2236328125,14757.62890625,0,0,0,9752.9951171875,14993.439,15000.134
20,11,0,0,1,1,14694.5009765625,17008.064453125,0,0,0,0.0,17538.605,17545.258
28,13,0,0,1,0,17876.349609375,15396.7744140625,0,0,0,22452.578125,17187.432,17193.564
36,16,0,0,0,0,5290.0205078125,4833.87109375,0,0,0,5319.81591796875,5581.9272,5588.5317
23,11,0,0,1,1,17045.62109375,11986.2099609375,0,0,0,5910.90625,14718.503,14724.637
29,17,0,0,1,0,13127.087890625,19693.548828125,0,0,0,0.0,19800.621,19807.29
21,14,0,0,0,0,1506.67614746094,2685.48388671875,0,0,0,11082.94921875,2932.136,2939.5115
37,17,0,0,1,0,48981.671875,44758.06640625,0,0,0,44331.796875,48402.652,48409.25
42,9,1,0,1,1,0.0,3058.53100585938,1,0,1,1294.40905761719,5180.7305,5212.5835
21,13,0,0,1,0,15960.1865234375,21483.87109375,0,0,0,14777.265625,21731.438,21738.09
23,12,1,0,1,0,8816.7001953125,12174.1943359375,0,0,0,18471.58203125,12410.698,12417.352
30,16,0,0,1,0,26058.248046875,28645.16015625,0,0,0,29258.986328125,29710.672,29717.178
22,14,1,0,1,0,16849.6953125,21125.806640625,0,0,0,24086.943359375,21566.426,21573.082
46,11,0,0,1,1,34287.16796875,30077.419921875,0,0,0,39898.6171875,33113.523,33119.65
30,17,1,0,1,0,22139.71484375,27929.03125,0,0,0,33248.84765625,28476.316,28482.97
24,12,0,0,1,0,25470.46875,22737.09765625,0,0,0,25121.3515625,24835.34,24841.844
31,16,0,0,1,0,23511.201171875,24706.451171875,0,0,0,28963.44140625,25942.66,25949.19
33,14,0,0,1,0,14106.720703125,14322.5810546875,0,0,0,17732.71875,15315.194,15321.725
51,4,1,0,1,1,0.0,0.0,1,1,0,0.0,3209.9124,3263.6145
47,17,0,0,1,0,29389.001953125,20230.64453125,0,0,0,42410.75390625,25119.848,25125.98
35,9,1,0,1,1,26134.66015625,24169.35546875,0,0,0,26599.078125,26168.857,26175.38
22,12,0,0,1,0,19592.66796875,19693.548828125,0,0,0,17732.71875,20881.098,20887.627
34,12,0,0,1,0,34731.921875,30435.484375,0,0,0,39898.6171875,33448.066,33454.19
21,12,1,0,1,0,15674.1337890625,19693.548828125,0,0,0,19210.4453125,20094.309,20100.965
32,17,0,0,1,0,36640.24609375,34016.12890625,0,0,0,57631.3359375,36700.547,36707.07
30,16,0,0,1,0,26058.248046875,28645.16015625,0,0,0,29258.986328125,29710.672,29717.178
48,8,1,0,1,1,16261.9140625,11637.0966796875,0,0,0,5172.04296875,14311.022,14317.156
46,14,0,0,1,0,26450.1015625,26496.7734375,0,0,0,29554.53125,28198.432,28204.963
24,17,0,0,1,0,9404.48046875,5370.9677734375,0,0,0,22904.76171875,7579.854,7586.0366
44,6,0,0,1,1,25470.46875,7619.61279296875,0,0,0,11821.8134765625,20572.398,20579.965
51,11,0,0,1,1,25470.46875,25064.515625,0,0,0,26599.078125,26823.543,26830.068
34,9,1,0,1,1,9796.333984375,8951.61328125,0,0,0,10344.0859375,9933.992,9940.594
27,12,1,0,1,0,9796.333984375,0.0,0,1,0,11821.8134765625,11666.981,11675.932
19,11,0,1,1,1,5424.48486328125,5463.80322265625,0,0,1,6788.462890625,5966.313,5972.8433
38,9,0,0,1,1,17829.328125,7877.41943359375,0,0,0,20688.171875,12857.146,12862.869
53,8,1,0,1,1,0.0,0.0,1,1,0,0.0,3541.154,3594.8523
34,12,1,0,1,0,15674.1337890625,15754.8388671875,0,0,0,17732.71875,16844.328,16850.86
35,10,1,0,1,1,3918.53369140625,3795.48388671875,0,0,0,7802.396484375,4360.5513,4367.0767
24,12,0,0,1,0,13714.8681640625,13427.4189453125,0,0,0,17732.71875,14430.117,14436.643
40,12,0,0,1,0,45063.13671875,48338.7109375,0,0,0,44331.796875,50183.035,50189.54
28,12,0,0,1,0,29389.001953125,26854.83984375,0,0,0,35465.4375,29104.033,29110.633
26,17,0,0,1,0,25470.46875,26854.83984375,0,0,0,44331.796875,28120.727,28127.254
21,15,0,0,0,0,0.0,3222.58056640625,1,0,0,14777.265625,4809.3203,4841.145
50,12,1,0,1,0,0.0,0.0,1,1,0,0.0,3570.7898,3624.5012
46,12,0,0,1,0,43103.87109375,35806.453125,0,0,0,31032.2578125,40308.58,40314.715
48,9,0,0,1,1,29389.001953125,32225.806640625,0,0,0,31032.2578125,33452.496,33459.0
35,8,0,0,1,1,11167.8212890625,18796.59765625,0,0,0,13299.5390625,18821.162,18827.719
22,11,1,0,0,1,0.0,0.0,1,1,1,6456.69677734375,2024.2272,2077.8274
27,16,0,0,1,0,22531.568359375,21483.87109375,0,0,0,23643.625,23124.117,23130.645
53,12,0,0,1,0,41144.6015625,42967.7421875,0,0,0,39898.6171875,45014.297,45020.83
29,8,1,0,0,1,0.0,0.0,1,1,1,1923.93798828125,2227.4617,2281.1667
28,11,1,0,0,1,0.0,1284.07897949219,1,0,1,60307.9296875,2836.6077,2869.4119
29,12,0,0,1,0,13910.7939453125,7161.29052734375,0,0,0,19210.4453125,10612.436,10618.618
51,16,0,0,1,0,31348.26953125,35448.38671875,0,0,0,44331.796875,36627.453,36634.07
53,7,1,0,1,1,10583.958984375,17525.46875,0,0,0,15926.9365234375,17690.498,17697.055
55,16,0,0,1,0,48981.671875,46548.38671875,0,0,0,47878.33984375,49922.145,49928.67
45,4,0,1,1,1,16261.9140625,28108.064453125,0,0,0,28076.8046875,28001.09,28007.648
36,10,1,0,1,1,18417.107421875,16112.9033203125,0,0,0,22165.8984375,17883.404,17889.543
45,14,0,0,1,0,39185.3359375,42538.06640625,0,0,0,36943.1640625,44143.14,44149.65
28,12,0,0,1,0,16393.185546875,13298.515625,0,0,0,0.0,15278.707,15284.84
53,12,0,0,1,0,29389.001953125,28645.16015625,0,0,0,29554.53125,30679.617,30686.145
45,14,0,0,1,0,39185.3359375,42538.06640625,0,0,0,36943.1640625,44143.14,44149.65
38,3,1,0,1,1,3722.60693359375,5729.0322265625,0,0,0,17732.71875,5955.764,5962.515
38,8,0,0,1,1,19592.66796875,19693.548828125,0,0,0,23643.625,20952.105,20958.635
23,14,0,0,1,0,12343.380859375,12532.2578125,0,0,0,14186.1748046875,13381.369,13387.899
30,11,0,0,1,1,24882.6875,26854.83984375,0,0,0,33248.84765625,27946.275,27952.781
27,12,0,0,1,0,21943.787109375,20588.7109375,0,0,0,18323.810546875,22226.809,22233.334
21,13,0,0,0,0,9796.333984375,16112.9033203125,0,0,0,20688.171875,16127.695,16134.252
44,16,0,0,1,0,31348.26953125,30435.484375,0,0,0,33987.7109375,32578.328,32584.854
40,7,0,0,1,1,0.0,0.0,1,1,0,8866.359375,2748.487,2802.1985
23,12,0,0,0,0,18613.03515625,23274.193359375,0,0,0,32953.3046875,23709.082,23715.736
23,12,0,0,1,0,19592.66796875,17903.2265625,0,0,0,16254.9921875,19475.545,19482.145
55,14,0,0,1,0,0.0,0.0,1,1,0,0.0,3903.316,3957.027
55,16,0,0,1,0,48981.671875,46548.38671875,0,0,0,47878.33984375,49922.145,49928.67
44,11,1,0,1,1,24294.908203125,35806.453125,0,0,0,29554.53125,35808.367,35815.04
44,16,1,0,1,0,31644.1171875,30621.677734375,0,0,0,23495.853515625,32807.562,32814.086
49,12,0,0,1,0,10231.291015625,11082.0966796875,0,0,0,6537.46240234375,11841.781,11848.287
17,10,1,0,0,1,1291.46801757812,5793.85205078125,0,0,1,5522.7880859375,5783.6265,5790.222
44,12,0,0,1,0,50940.9375,44758.06640625,0,0,0,41376.34375,49035.68,49041.8
23,11,1,0,0,1,0.0,0.0,1,1,0,0.0,2077.3726,2130.967
25,9,1,0,1,1,5877.80029296875,6266.12890625,0,0,0,12560.67578125,6740.4194,6746.934
50,16,0,0,1,0,38205.703125,34911.2890625,0,0,0,33987.7109375,37923.12,37929.72
50,16,0,0,1,0,97963.34375,34016.12890625,0,0,0,33987.7109375,74416.05,74423.62
48,16,0,0,1,0,0.0,0.0,1,1,0,0.0,3643.9094,3697.6145
28,11,0,0,1,1,14106.720703125,10741.9345703125,0,0,0,20392.626953125,12757.936,12764.07
29,17,0,0,1,0,3526.68017578125,15217.7421875,0,0,0,24382.48828125,14979.316,14985.912
36,12,0,0,1,0,33307.53515625,30435.484375,0,0,0,31032.2578125,32994.816,33001.414
35,13,1,0,1,0,21551.935546875,25959.677734375,0,0,0,26423.228515625,26627.844,26634.498
20,13,0,1,1,0,6073.72705078125,10025.8056640625,0,0,0,27337.94140625,10139.853,10146.41
28,12,0,0,1,0,11755.6005859375,12532.2578125,0,0,0,0.0,13241.234,13247.742
27,12,0,0,1,0,13910.7939453125,14859.6767578125,0,0,0,15072.810546875,15628.398,15634.906
40,17,0,0,1,0,0.0,0.0,1,1,0,0.0,3275.0925,3328.6843
35,14,0,0,1,0,18613.03515625,19693.548828125,0,0,0,22424.501953125,20728.105,20734.633
28,12,1,0,1,0,39185.3359375,36776.8046875,0,0,0,34726.57421875,39469.51,39476.04
53,12,0,0,1,0,11755.6005859375,9893.322265625,0,0,0,5172.04296875,11413.816,11419.95
23,13,0,0,1,0,9698.37109375,8593.548828125,0,0,0,23643.625,9590.68,9597.23
23,14,0,0,1,0,12343.380859375,12532.2578125,0,0,0,14186.1748046875,13381.369,13387.899
47,17,0,0,1,0,37343.625,28906.548828125,0,0,0,35732.90625,33741.5,33747.633
26,14,0,0,1,0,17241.548828125,20588.7109375,0,0,0,24530.26171875,21162.52,21169.176
18,12,0,0,0,0,10775.966796875,14322.5810546875,0,0,0,21427.03515625,14565.932,14572.585
24,12,0,0,1,0,13029.1240234375,13964.515625,0,0,0,41571.40234375,14675.06,14681.565
26,16,0,0,1,0,25078.615234375,30793.548828125,0,0,0,36943.1640625,31409.023,31415.68
27,6,0,0,1,1,9992.2607421875,11637.0966796875,0,0,0,13299.5390625,12072.805,12079.465
53,7,0,0,1,1,0.0,0.0,1,1,0,0.0,3439.2693,3492.9673
40,12,0,0,1,0,20180.447265625,19693.548828125,0,0,0,17732.71875,21150.57,21157.096
27,6,0,0,1,1,9992.2607421875,11637.0966796875,0,0,0,13299.5390625,12072.805,12079.465
48,9,0,0,1,1,29389.001953125,19693.548828125,0,0,0,23052.53515625,24731.426,24737.559
26,15,0,0,0,0,979.633422851562,1879.83874511719,0,0,0,3250.99853515625,2201.0374,2209.6387
22,11,1,0,0,1,11069.857421875,5191.935546875,0,0,0,9605.22265625,8178.479,8184.6562
27,11,1,0,1,1,7837.0673828125,5370.9677734375,0,0,0,7388.6328125,6855.0376,6861.1714
51,8,0,0,1,1,14465.2666015625,21752.419921875,0,0,0,0.0,21893.428,21900.098
49,10,1,0,1,1,10775.966796875,0.0,0,1,0,5319.81591796875,12976.34,12985.289
52,5,1,0,1,1,7523.58447265625,4296.7744140625,0,0,0,2216.58984375,6204.0864,6210.269
48,17,0,0,1,0,31348.26953125,29540.322265625,0,0,0,32951.82421875,31906.54,31913.064
34,12,1,0,1,0,19592.66796875,17366.12890625,0,0,0,19210.4453125,19150.754,19157.254
27,12,0,0,1,0,21943.787109375,20588.7109375,0,0,0,18323.810546875,22226.809,22233.334
23,12,1,0,1,0,16708.626953125,10491.2900390625,0,0,0,7565.9599609375,13695.482,13701.664
47,10,0,0,1,1,19004.888671875,17903.2265625,0,0,0,21722.580078125,19464.564,19471.088
43,8,1,0,1,1,11755.6005859375,12532.2578125,0,0,0,12930.1083984375,13311.639,13318.145
26,10,0,0,0,1,12000.5087890625,14322.5810546875,0,0,0,17732.71875,14780.501,14787.156
23,12,0,0,1,0,11755.6005859375,13785.484375,0,0,0,14186.1748046875,14268.254,14274.916
28,12,0,0,1,0,29389.001953125,41177.41796875,0,0,0,47287.25,41239.465,41246.117
29,10,1,0,1,1,8464.0322265625,8325.0,0,0,0,23643.625,9070.691,9077.217
28,12,0,0,1,0,26450.1015625,26858.419921875,0,0,0,29480.64453125,28345.86,28352.395
21,12,1,0,1,0,9169.3681640625,7161.29052734375,0,0,0,7388.6328125,8471.42,8477.553
31,11,1,0,1,1,13127.087890625,14859.6767578125,0,0,0,16254.9921875,15478.152,15484.775
50,16,0,0,0,0,22629.53125,19693.548828125,0,0,0,17732.71875,21955.488,21961.629
24,13,0,0,1,0,9796.333984375,11458.0654296875,0,0,0,11526.2666015625,11927.949,11934.61
30,12,0,0,0,0,16457.841796875,14680.64453125,0,0,0,15146.697265625,16172.553,16179.116
39,8,1,0,1,1,27429.734375,26854.83984375,0,0,0,28076.8046875,28641.447,28647.973
39,8,0,0,1,1,7837.0673828125,9846.7744140625,0,0,0,0.0,10267.975,10274.631
27,12,1,0,1,0,13127.087890625,12353.2255859375,0,0,0,11526.2666015625,13455.414,13461.938
46,10,0,0,1,1,28765.955078125,19514.515625,0,0,0,25676.9765625,24357.367,24363.5
38,9,0,0,1,1,17829.328125,7877.41943359375,0,0,0,20688.171875,12857.146,12862.869
27,12,1,0,1,0,9796.333984375,0.0,0,1,0,11821.8134765625,11666.981,11675.932
36,17,0,0,0,0,16015.046875,30793.548828125,0,0,0,29584.0859375,30653.629,30660.186
30,12,0,0,1,0,11755.6005859375,13635.0966796875,0,0,0,26599.078125,14180.847,14187.508
35,8,0,0,1,1,11167.8212890625,18796.59765625,0,0,0,13299.5390625,18821.162,18827.719
31,12,0,0,1,0,32327.90234375,32225.806640625,0,0,0,32509.984375,34121.586,34128.117
38,9,1,0,1,1,20388.130859375,22407.677734375,0,0,0,16254.9921875,23317.924,23324.432
35,8,0,0,1,1,11167.8212890625,18796.59765625,0,0,0,13299.5390625,18821.162,18827.719
35,12,0,0,1,0,10188.1865234375,9309.677734375,0,0,0,11821.8134765625,10342.486,10349.086
28,10,0,0,1,1,29389.001953125,23274.193359375,0,0,0,22904.76171875,26795.38,26801.516
21,12,1,0,1,0,15674.1337890625,16112.9033203125,0,0,0,11821.8134765625,17040.662,17047.191
38,8,0,0,1,1,19592.66796875,17903.2265625,0,0,0,30207.6875,19540.332,19546.932
21,12,0,0,0,0,11755.6005859375,11637.0966796875,0,0,0,10048.541015625,12483.545,12490.07
52,9,0,0,1,1,19592.66796875,16112.9033203125,0,0,0,24045.56640625,18462.256,18468.39
54,2,1,0,1,1,15674.1337890625,16990.16015625,0,0,0,18096.240234375,17858.93,17865.438
43,12,1,0,1,0,25470.46875,25064.515625,0,0,0,25121.3515625,26781.914,26788.441
50,17,0,0,1,0,36050.5078125,37596.7734375,0,0,0,13299.5390625,39488.492,39495.023
24,12,0,0,1,0,13714.8681640625,16112.9033203125,0,0,0,16254.9921875,16631.652,16638.314
49,6,1,0,1,1,27429.734375,34016.12890625,0,0,0,32509.984375,34689.062,34695.72
28,12,1,0,0,0,18613.03515625,17008.064453125,0,0,0,19949.30859375,18546.836,18553.434
42,12,1,0,1,0,14988.390625,11185.9345703125,0,0,0,0.0,13495.769,13501.902
30,12,0,0,1,0,23511.201171875,28645.16015625,0,0,0,32509.984375,29255.61,29262.266
20,12,0,0,1,0,22531.568359375,23274.193359375,0,0,0,24382.48828125,24450.889,24457.418
35,12,0,0,1,0,9404.48046875,9313.2578125,0,0,0,11821.8134765625,10141.285,10147.812
32,16,0,0,1,0,0.0,0.0,1,1,0,0.0,2793.7004,2847.3032
19,12,0,0,1,0,13127.087890625,12532.2578125,0,0,0,24382.48828125,13538.896,13545.424
24,14,1,0,1,0,21869.3359375,26353.548828125,0,0,0,18767.126953125,26960.746,26967.398
41,16,1,0,1,0,33307.53515625,23274.193359375,0,0,0,22165.8984375,28577.443,28583.574
47,12,0,0,1,0,9968.7490234375,10523.515625,0,0,0,11283.919921875,11318.401,11324.93
48,16,0,0,1,0,54859.46875,53709.67578125,0,0,0,73886.328125,57048.062,57054.586
34,7,0,0,0,1,17619.685546875,20481.2890625,0,0,0,19432.103515625,21102.844,21109.504
27,16,0,0,1,0,33307.53515625,30435.484375,0,0,0,0.0,32974.297,32980.902
29,14,0,0,1,0,35266.80078125,16112.9033203125,0,0,0,20688.171875,25336.48,25342.594
53,17,0,0,1,0,15478.2080078125,16399.35546875,0,0,0,15663.90234375,17465.078,17471.605
50,7,1,0,1,1,13714.8681640625,12532.2578125,0,0,0,16254.9921875,13858.011,13864.61
33,12,0,0,1,0,18417.107421875,14412.0966796875,0,0,0,20688.171875,16837.77,16843.902
36,16,0,0,0,0,5290.0205078125,4833.87109375,0,0,0,5319.81591796875,5581.9272,5588.5317
48,15,0,0,1,0,73472.5078125,71612.90625,0,0,0,85708.140625,75977.28,75983.81
53,12,0,0,1,0,28213.44140625,26854.83984375,0,0,0,0.0,28962.41,28968.936
25,9,1,0,0,1,11755.6005859375,7161.29052734375,0,0,0,6649.76953125,9578.123,9584.307
33,12,0,0,1,0,28017.515625,25422.580078125,0,0,0,22756.98828125,27657.137,27663.713
22,12,0,0,1,0,27233.80859375,14322.5810546875,0,0,0,32509.984375,20606.445,20612.629
46,12,1,0,1,0,20572.30078125,32225.806640625,0,0,0,7882.193359375,32173.627,32180.184
26,12,0,0,1,0,15674.1337890625,13427.4189453125,0,0,0,0.0,15042.432,15048.566
42,8,0,0,1,1,1763.34008789062,0.0,0,1,0,8866.359375,2609.895,2621.5298
47,16,0,0,1,0,42124.234375,41177.41796875,0,0,0,44331.796875,43860.156,43866.676
27,12,0,0,1,0,14694.5009765625,14322.5810546875,0,0,0,19210.4453125,15409.283,15415.811
24,12,1,0,0,0,13765.75,2842.76391601562,0,0,1,6167.68115234375,12194.215,12201.783
26,17,0,0,1,0,10775.966796875,29182.2578125,0,0,0,35465.4375,28851.977,28858.555
20,12,0,0,1,0,20376.375,18655.16015625,0,0,0,16993.85546875,20250.805,20257.402
28,12,1,0,1,0,19592.66796875,24169.35546875,0,0,0,25860.21484375,24694.633,24701.29
20,9,1,0,0,1,6083.994140625,0.0,0,1,1,8881.6650390625,7302.186,7311.1343
27,12,0,0,1,0,30760.48828125,25064.515625,0,0,0,31908.55078125,28468.17,28474.307
30,17,0,0,1,0,27429.734375,25064.515625,0,0,0,20688.171875,27246.238,27252.836
22,12,0,0,1,0,12539.3076171875,12532.2578125,0,0,0,14369.4130859375,13406.957,13413.483
49,16,0,0,1,0,15674.1337890625,12890.3232421875,0,0,0,17732.71875,14895.069,14901.203
22,12,0,0,1,0,15674.1337890625,22916.12890625,0,0,0,31771.12109375,22942.992,22949.645
42,12,1,0,0,0,23511.201171875,21483.87109375,0,0,0,22165.8984375,23436.574,23443.172
28,12,0,0,1,0,13714.8681640625,13606.4521484375,0,0,0,19210.4453125,14597.632,14604.158
43,12,0,0,1,0,17633.400390625,26854.83984375,0,0,0,28076.8046875,26880.025,26886.71
49,16,0,0,1,0,15674.1337890625,12890.3232421875,0,0,0,17732.71875,14895.069,14901.203
23,13,0,0,1,0,9698.37109375,8593.548828125,0,0,0,23643.625,9590.68,9597.23
26,10,1,0,0,1,25929.6796875,6788.9580078125,0,0,1,672.877319335938,21577.781,21585.348
23,14,1,0,1,0,8675.6337890625,10398.1943359375,0,0,0,13003.994140625,10831.194,10837.856
37,17,1,0,1,0,23511.201171875,19693.548828125,0,0,0,76841.78125,22267.36,22273.494
27,12,0,0,0,0,27821.58984375,27212.90234375,0,0,0,32509.984375,28966.654,28973.18
34,12,0,0,1,0,30564.5625,24885.484375,0,0,0,24678.033203125,28320.488,28326.621
52,7,1,0,0,1,293.890014648438,5012.9033203125,0,0,0,0.0,6333.999,6363.9746
45,9,0,0,1,1,0.0,313.306457519531,1,0,0,4063.748046875,2311.7495,2345.8406
32,10,0,0,1,1,7837.0673828125,16112.9033203125,0,0,0,11082.94921875,16145.727,16152.2705
30,12,0,0,1,0,23511.201171875,28645.16015625,0,0,0,32509.984375,29255.61,29262.266
34,14,0,0,1,0,36834.21484375,0.0,0,1,0,0.0,42786.547,42795.504
50,17,0,0,0,0,0.0,0.0,1,1,0,0.0,3767.9475,3821.6523
40,7,0,0,1,1,0.0,0.0,1,1,0,8866.359375,2748.487,2802.1985
29,17,0,0,1,0,979.633422851562,8951.61328125,0,0,0,0.0,9040.875,9052.961
25,12,1,0,1,0,13714.8681640625,8235.484375,0,0,0,17732.71875,11095.92,11102.102
28,12,0,0,1,0,23511.201171875,21483.87109375,0,0,0,23643.625,23346.633,23353.232
23,17,0,0,0,0,4898.1669921875,2148.38720703125,0,0,0,33987.7109375,3750.742,3758.443
23,10,1,0,0,1,1469.45007324219,5370.9677734375,0,0,0,0.0,5454.3447,5460.977
47,14,0,0,1,0,58778.00390625,26854.83984375,0,0,0,32509.984375,42124.844,42130.945
47,17,0,0,1,0,37343.625,28906.548828125,0,0,0,35732.90625,33741.5,33747.633
48,10,0,0,1,1,35266.80078125,34911.2890625,0,0,0,38568.6640625,37097.023,37103.547
37,12,0,0,1,0,19016.64453125,20893.064453125,0,0,0,16993.85546875,21779.332,21785.84
29,14,0,0,1,0,27429.734375,22099.7421875,0,0,0,29644.673828125,25295.332,25301.467
48,11,0,0,1,1,0.0,0.0,1,1,0,11821.8134765625,3398.5916,3452.303
24,10,1,0,1,1,9012.626953125,6624.193359375,0,0,0,8955.0234375,8083.854,8089.987
46,12,0,0,1,0,22139.71484375,22622.515625,0,0,0,23643.625,24006.227,24012.756
26,12,0,0,1,0,15674.1337890625,16470.96875,0,0,0,35022.12109375,17348.484,17355.014
25,16,0,0,1,0,4604.27685546875,2954.0322265625,0,0,0,0.0,4051.9995,4058.2402
30,12,1,0,0,0,0.0,0.0,1,1,1,24909.44921875,2469.6423,2523.2737
45,14,0,0,1,0,25862.322265625,28645.16015625,0,0,0,26599.078125,29740.809,29747.312
17,10,1,0,0,1,0.0,0.0,1,1,1,0.0,1702.2904,1755.8907
46,10,0,0,1,1,11755.6005859375,7161.29052734375,0,0,0,10166.7587890625,9719.845,9726.027
30,11,0,0,1,1,24882.6875,26854.83984375,0,0,0,33248.84765625,27946.275,27952.781
51,12,0,0,1,0,43103.87109375,41356.453125,0,0,0,7388.6328125,44241.953,44248.477
31,9,1,0,1,1,10775.966796875,8951.61328125,0,0,0,5910.90625,10275.472,10281.606
26,10,1,0,1,1,8816.7001953125,0.0,0,1,0,7388.6328125,10515.543,10524.492
22,12,0,0,0,0,26450.1015625,23274.193359375,0,0,0,19210.4453125,25529.45,25535.592
28,12,0,0,0,0,17829.328125,5012.9033203125,0,0,0,16240.21484375,14698.989,14706.557
44,8,1,0,1,1,17633.400390625,21483.87109375,0,0,0,19210.4453125,22091.084,22097.738
46,8,0,0,1,1,15674.1337890625,17903.2265625,0,0,0,17732.71875,18622.64,18629.285
20,13,0,1,0,0,9404.48046875,0.0,0,1,0,8275.2685546875,11148.914,11157.863
22,12,0,0,0,0,7837.0673828125,7497.87109375,0,0,0,17732.71875,8210.629,8217.155
33,17,0,0,1,0,50940.9375,39387.09765625,0,0,0,46105.0703125,45744.37,45750.508
17,10,1,0,0,1,0.0,0.0,1,1,1,0.0,1702.2904,1755.8907
51,9,0,0,0,1,35266.80078125,32225.806640625,0,0,0,39898.6171875,34980.47,34987.062
36,8,0,1,1,1,19592.66796875,11995.1611328125,0,0,0,16993.85546875,15887.274,15893.457
48,16,0,0,1,0,29389.001953125,23274.193359375,0,0,0,0.0,26969.52,26975.652
40,12,0,0,1,0,45063.13671875,48338.7109375,0,0,0,44331.796875,50183.035,50189.54
35,12,0,0,1,0,10188.1865234375,9309.677734375,0,0,0,11821.8134765625,10342.486,10349.086
24,16,0,0,1,0,14067.5361328125,24706.451171875,0,0,0,37829.80078125,24619.54,24626.096
42,12,0,0,1,0,29389.001953125,22379.03125,0,0,0,28490.568359375,26351.17,26357.305
26,12,0,0,1,0,23511.201171875,24885.484375,0,0,0,26599.078125,26012.553,26019.07
23,10,1,0,0,1,3918.53369140625,7161.29052734375,0,0,0,6649.76953125,7305.6997,7312.257
45,12,0,0,1,0,35266.80078125,38366.61328125,0,0,0,38420.890625,39819.953,39826.46
43,17,0,0,0,0,21551.935546875,25959.677734375,0,0,0,36943.1640625,26706.367,26713.023
48,12,0,0,1,0,0.0,0.0,1,1,0,12930.1083984375,3418.867,3472.5789
54,13,0,0,1,0,0.0,0.0,1,1,0,0.0,3793.9216,3847.6333
54,12,0,0,1,0,0.0,0.0,1,1,0,0.0,3737.6594,3791.3708
33,17,1,0,1,0,33307.53515625,29540.322265625,0,0,0,17732.71875,32362.23,32368.63
21,12,0,0,1,0,7523.58447265625,7934.70947265625,0,0,0,0.0,8474.201,8480.73
20,11,1,0,0,1,3637.498046875,1220.83605957031,0,0,1,1085.43994140625,3067.2466,3074.86
17,8,1,0,0,1,0.0,0.0,1,1,1,8061.48486328125,1589.8168,1643.4125
21,13,0,0,1,0,15960.1865234375,21483.87109375,0,0,0,14777.265625,21731.438,21738.09
22,11,0,0,0,1,0.0,0.0,1,1,1,1048.43200683594,1978.5542,2032.1547
53,12,0,0,1,0,32868.66015625,31509.677734375,0,0,0,18914.900390625,33839.176,33845.7
46,13,0,0,1,0,17241.548828125,15754.8388671875,0,0,0,14777.265625,17333.219,17339.82
37,14,0,0,1,0,0.0,32225.806640625,1,0,0,0.0,37928.242,37951.164
52,10,1,0,1,1,0.0,0.0,1,1,0,0.0,3600.5159,3654.2275
46,8,0,0,1,1,0.0,8951.61328125,1,0,0,0.0,11703.355,11734.303
31,12,0,0,0,0,0.0,2611.21801757812,1,0,1,2484.54907226562,4361.3345,4393.184
44,14,0,0,1,0,39185.3359375,35806.453125,0,0,0,35465.4375,38824.016,38830.617
47,8,1,0,1,1,16301.099609375,17129.806640625,0,0,0,17732.71875,18139.887,18146.416
31,4,1,0,0,1,8517.5888671875,4023.2109375,0,0,1,7382.548828125,6360.158,6366.3364
30,11,1,0,1,1,0.0,0.0,1,1,1,590.781799316406,2487.854,2541.5283
31,6,1,0,0,1,1410.67211914062,555.0,0,0,0,16059.931640625,1372.766,1382.1193
43,12,0,0,1,0,39185.3359375,36701.61328125,0,0,0,45809.5234375,39502.06,39508.586
49,8,0,0,1,1,37226.0703125,14322.5810546875,0,0,0,23643.625,27474.832,27482.262
27,17,0,0,1,0,13127.087890625,10741.9345703125,0,0,0,29554.53125,12389.82,12395.954
33,10,0,0,1,1,8272.0244140625,2619.24194335938,0,0,0,0.0,6815.595,6823.163
28,16,1,0,1,0,23511.201171875,16112.9033203125,0,0,0,22018.126953125,20023.25,20029.385
36,10,1,0,0,1,17633.400390625,21483.87109375,0,0,0,17732.71875,22049.043,22055.697
51,8,1,0,1,1,23511.201171875,23274.193359375,0,0,0,23643.625,24881.535,24888.06
19,12,0,0,1,0,1154.00805664062,8593.548828125,0,0,0,26599.078125,8431.212,8437.962
27,12,0,0,1,0,14694.5009765625,14322.5810546875,0,0,0,19210.4453125,15409.283,15415.811
27,12,0,0,1,0,3526.68017578125,0.0,0,1,0,5910.90625,4480.1904,4490.5054
35,17,0,0,1,0,39185.3359375,30435.484375,0,0,0,33426.17578125,35370.938,35377.074
26,16,0,0,0,0,0.0,0.0,1,1,0,9014.1318359375,2436.326,2489.926
22,12,0,0,1,0,21551.935546875,26765.322265625,0,0,0,35465.4375,27245.387,27252.043
22,14,0,0,1,0,19727.857421875,20141.12890625,0,0,0,22284.1171875,21287.324,21293.854
53,6,0,0,1,1,0.0,0.0,1,1,0,0.0,3383.0269,3436.7246
26,12,0,0,1,0,19263.51171875,13024.5966796875,0,0,0,24627.791015625,16305.174,16311.307
49,17,0,0,1,0,30956.4140625,31867.7421875,0,0,0,35465.4375,33646.83,33653.36
29,17,0,0,1,0,33307.53515625,34016.12890625,0,0,0,26980.33203125,35820.258,35826.79
40,11,0,0,1,1,29389.001953125,26407.2578125,0,0,0,31032.2578125,28839.377,28845.938
55,6,1,0,1,1,19962.96875,26854.83984375,0,0,0,14777.265625,27266.135,27272.79
24,13,0,1,1,0,21922.236328125,24742.2578125,0,0,0,35317.6640625,25518.348,25524.969
52,12,0,0,0,0,31348.26953125,32225.806640625,0,0,0,32509.984375,33994.695,34001.227
26,17,0,0,0,0,4173.23828125,11637.0966796875,0,0,0,9457.4501953125,11696.821,11703.386
25,11,1,0,0,1,0.0,0.0,1,1,1,485.229797363281,2183.6814,2237.2732
27,7,0,0,1,1,19984.521484375,20409.677734375,0,0,0,31032.2578125,21535.982,21542.508
23,12,1,0,1,0,7837.0673828125,12532.2578125,0,0,0,21870.353515625,12626.267,12632.824
53,6,1,0,1,1,15674.1337890625,16112.9033203125,0,0,0,9974.654296875,17196.99,17203.521
52,17,0,0,1,0,31348.26953125,31293.048828125,0,0,0,32509.984375,33317.414,33323.94
23,12,1,0,1,0,10775.966796875,20481.2890625,0,0,0,29391.982421875,20407.738,20414.297
51,12,0,0,1,0,0.0,0.0,1,1,0,0.0,3578.2632,3631.975
37,9,1,0,1,1,15674.1337890625,16112.9033203125,0,0,0,19210.4453125,17121.252,17127.783
21,14,0,0,0,0,16849.6953125,19693.548828125,0,0,0,35465.4375,20265.871,20272.533
34,12,0,0,1,0,11755.6005859375,0.0,0,1,0,11821.8134765625,13972.55,13981.499
37,12,0,0,1,0,0.0,0.0,1,1,0,0.0,2834.411,2888.1157
26,12,1,0,1,0,17633.400390625,17416.2578125,0,0,0,23643.625,18609.73,18616.254
28,12,0,0,1,0,29389.001953125,26854.83984375,0,0,0,35465.4375,29104.033,29110.633
38,12,0,0,1,0,23511.201171875,16112.9033203125,0,0,0,30293.39453125,20043.633,20049.766
44,12,0,0,1,0,34091.2421875,32046.7734375,0,0,0,35465.4375,34519.133,34525.656
48,9,0,0,1,1,23859.951171875,25064.515625,0,0,0,26968.509765625,26364.137,26370.666
52,11,0,0,1,1,23568.01953125,0.0,0,1,0,0.0,27692.957,27701.908
19,11,0,0,0,1,4114.46044921875,4654.8388671875,0,0,0,8570.814453125,4990.1772,4996.8496
53,12,0,0,1,0,26450.1015625,25064.515625,0,0,0,26007.98828125,27093.678,27100.203
53,12,0,0,1,0,41144.6015625,42967.7421875,0,0,0,39898.6171875,45014.297,45020.83
34,10,0,0,1,1,11755.6005859375,12174.1943359375,0,0,0,11821.8134765625,12984.285,12990.815
47,12,0,0,0,0,0.0,0.0,1,1,0,0.0,3327.2493,3380.9612
25,15,0,0,1,0,17633.400390625,16112.9033203125,0,0,0,18619.35546875,17598.467,17605.068
44,15,0,0,1,0,43103.87109375,39387.09765625,0,0,0,51232.78125,42671.92,42678.523
42,9,0,0,0,1,30368.634765625,19693.548828125,0,0,0,35465.4375,25099.73,25105.85
27,8,0,0,1,1,8424.84765625,7698.38720703125,0,0,0,15072.810546875,8529.0625,8535.663
47,11,0,0,1,1,32719.755859375,30435.484375,0,0,0,36943.1640625,32907.305,32913.824
23,10,1,0,0,1,1469.45007324219,5370.9677734375,0,0,0,0.0,5454.3447,5460.977
41,8,1,0,1,1,36691.1875,32888.2265625,0,0,0,42262.98046875,35832.15,35838.71
28,16,0,0,1,0,19592.66796875,21483.87109375,0,0,0,32509.984375,22373.605,22380.11
40,8,0,0,1,1,0.0,0.0,1,1,0,0.0,2804.749,2858.4607
23,11,1,0,1,1,17116.154296875,10741.9345703125,0,0,0,8866.359375,14015.437,14021.62
42,12,0,0,1,0,29389.001953125,22379.03125,0,0,0,28490.568359375,26351.17,26357.305
41,16,0,0,1,0,35582.2421875,34016.12890625,0,0,0,42854.0703125,36478.336,36484.86
31,12,0,0,1,0,0.0,21483.87109375,1,0,0,20688.171875,25533.686,25558.232
23,14,0,0,0,0,0.0,3401.61279296875,1,0,0,5319.81591796875,5035.1577,5066.9824
27,16,0,0,1,0,0.0,0.0,1,1,0,0.0,2528.0012,2581.6055
27,12,0,0,1,0,23511.201171875,15038.7099609375,0,0,0,12738.0029296875,19331.035,19337.219
40,8,0,0,1,1,25470.46875,21483.87109375,0,0,0,16254.9921875,24116.047,24122.182
27,12,0,0,0,0,25470.46875,21483.87109375,0,0,0,25121.3515625,24059.268,24065.402
24,12,0,0,1,0,17633.400390625,19693.548828125,0,0,0,11526.2666015625,20394.703,20401.33
27,16,0,0,1,0,19200.814453125,17688.38671875,0,0,0,0.0,19266.803,19273.35
47,10,0,0,1,1,15674.1337890625,19693.548828125,0,0,0,22165.8984375,20247.97,20254.627
50,14,0,0,1,0,70533.6015625,29540.322265625,0,0,0,51720.4296875,50133.17,50139.668
35,16,0,0,1,0,0.0,0.0,1,1,0,0.0,2953.1204,3006.7214
18,11,1,0,0,1,0.0,0.0,1,1,1,4814.626953125,1811.6691,1865.2695
22,13,0,0,0,0,6857.43359375,6266.12890625,0,0,0,17363.287109375,6996.351,7002.9507
22,12,0,0,0,0,16230.56640625,9846.7744140625,0,0,0,2955.453125,13102.238,13108.42
53,12,0,0,1,0,17633.400390625,16112.9033203125,0,0,0,19210.4453125,17753.355,17759.957
32,10,0,0,1,1,23025.302734375,21483.87109375,0,0,0,33987.7109375,23230.771,23237.293
55,3,1,0,1,1,5877.80029296875,5370.9677734375,0,0,0,4137.63427734375,6175.7524,6182.358
21,9,0,0,1,1,17633.400390625,3202.88720703125,0,0,0,3250.99853515625,15818.829,15826.341
28,11,0,0,1,1,24098.982421875,24169.35546875,0,0,0,35465.4375,25612.523,25619.053
55,12,0,0,1,0,28213.44140625,33206.90234375,0,0,0,31771.12109375,34163.82,34170.473
21,13,0,0,0,0,15674.1337890625,4946.6611328125,0,0,0,1733.37329101562,12505.97,12513.539
47,6,1,0,1,1,16261.9140625,14412.0966796875,0,0,0,14260.060546875,15986.518,15993.018
26,16,0,0,1,0,25862.322265625,22379.03125,0,0,0,35465.4375,24805.79,24811.926
27,16,0,0,1,0,29976.78125,30793.548828125,0,0,0,51720.4296875,32393.062,32399.594
26,10,1,0,1,1,2027.9990234375,0.0,0,1,1,0.0,2759.8193,2770.221
28,12,0,0,1,0,11755.6005859375,12532.2578125,0,0,0,0.0,13241.234,13247.742
20,11,0,0,0,1,3844.08154296875,9846.7744140625,0,0,0,13299.5390625,9882.217,9888.765
22,12,0,0,1,0,24490.8359375,26854.83984375,0,0,0,25121.3515625,27801.416,27807.922
23,12,1,0,0,0,1077.5966796875,3222.58056640625,0,0,0,5910.90625,3428.9373,3436.3276
27,12,1,0,1,0,24686.76171875,22558.064453125,0,0,0,22609.216796875,24497.49,24504.09
48,11,0,0,0,1,0.0,0.0,1,1,0,0.0,3360.1057,3413.8174
55,17,1,0,1,0,27429.734375,26854.83984375,0,0,0,17806.60546875,28827.37,28833.893
31,12,0,1,1,0,26841.955078125,6982.25830078125,0,0,0,17732.71875,22418.451,22426.02
43,3,0,0,1,1,15086.353515625,15933.87109375,0,0,0,14038.40234375,16802.188,16808.717
24,11,1,0,1,1,9796.333984375,10741.9345703125,0,0,0,13299.5390625,11300.068,11306.574
20,11,0,0,1,1,6661.50732421875,5370.9677734375,0,0,0,1182.18127441406,6312.011,6318.1455
26,12,1,0,1,0,15987.6171875,17903.2265625,0,0,0,19505.990234375,18578.07,18584.72
25,12,0,0,1,0,43691.6484375,30435.484375,0,0,0,33987.7109375,37156.156,37162.293
20,11,1,0,0,1,3637.498046875,1220.83605957031,0,0,1,1085.43994140625,3067.2466,3074.86
43,9,1,0,1,1,0.0,0.0,1,1,0,0.0,3066.0657,3119.777
27,12,0,1,1,0,9698.37109375,11279.0322265625,0,0,0,14038.40234375,11765.589,11772.251
35,13,1,0,1,0,21551.935546875,25959.677734375,0,0,0,26423.228515625,26627.844,26634.498
33,12,1,0,1,0,20279.94921875,10941.349609375,0,0,1,15952.599609375,15638.252,15644.434
37,17,1,0,1,0,12735.234375,1306.935546875,0,0,0,4236.64208984375,12507.595,12514.998
25,14,1,0,1,0,35266.80078125,25601.61328125,0,0,0,33101.07421875,30699.29,30705.42
46,17,0,0,1,0,39185.3359375,31330.64453125,0,0,0,31298.248046875,35984.15,35990.28
22,11,0,0,0,1,0.0,0.0,1,1,1,1048.43200683594,1978.5542,2032.1547
25,11,1,0,0,1,0.0,0.0,1,1,0,3694.31640625,2183.6814,2237.2732
33,13,0,0,1,0,41732.3828125,47264.515625,0,0,0,51073.1875,48507.53,48514.156
18,8,1,0,0,1,0.0,0.0,1,1,1,0.0,1642.9692,1696.5609
24,12,0,0,1,0,13714.8681640625,13427.4189453125,0,0,0,17732.71875,14430.117,14436.643
47,12,0,0,1,0,30074.744140625,33312.53125,0,0,0,15072.810546875,34507.812,34514.316
23,12,1,0,1,0,16708.626953125,10491.2900390625,0,0,0,7565.9599609375,13695.482,13701.664
28,13,0,0,1,0,24490.8359375,23868.580078125,0,0,0,23495.853515625,25490.531,25497.057
22,14,0,0,1,0,21551.935546875,21483.87109375,0,0,0,23200.306640625,22819.744,22826.27
48,8,0,0,1,1,31510.888671875,35795.7109375,0,0,0,28076.8046875,36867.207,36873.83
47,16,0,0,1,0,60737.26953125,60870.96875,0,0,0,78319.5078125,64212.703,64219.234
27,12,1,0,0,0,8816.7001953125,14322.5810546875,0,0,0,19210.4453125,14404.537,14411.096
17,9,0,1,0,1,445.17041015625,74.3434524536133,0,0,1,6210.669921875,703.5853,715.6383
27,12,1,0,1,0,13714.8681640625,19425.0,0,0,0,25860.21484375,19598.957,19605.61
29,12,1,0,1,0,14392.7744140625,15396.7744140625,0,0,0,14777.265625,16195.886,16202.392
21,14,0,0,1,0,4506.3134765625,9309.677734375,0,0,0,23052.53515625,9427.209,9433.758
33,9,0,0,1,1,12735.234375,6266.12890625,0,0,0,8866.359375,9583.924,9590.105
24,12,0,0,1,0,14373.1806640625,19693.548828125,0,0,0,7388.6328125,19913.793,19920.447
54,16,0,0,1,0,24686.76171875,26854.83984375,0,0,0,26451.306640625,28097.188,28103.693
31,12,0,0,1,0,0.0,0.0,1,1,0,0.0,2515.6094,2569.2424
29,10,0,0,1,1,7347.25048828125,0.0,0,1,0,0.0,8847.97,8856.916
36,12,0,0,1,0,33307.53515625,30435.484375,0,0,0,41376.34375,32994.816,33001.414
33,11,1,0,1,1,17370.859375,15844.35546875,0,0,0,14753.6220703125,17344.238,17350.838
25,17,0,0,1,0,12935.0791015625,22379.03125,0,0,0,36943.1640625,22351.58,22358.14
21,10,0,0,1,1,31348.26953125,10741.9345703125,0,0,0,44331.796875,24031.195,24038.771
42,16,0,0,1,0,39185.3359375,37596.7734375,0,0,0,47287.25,40241.84,40248.367
22,11,1,0,0,1,5485.94677734375,13427.4189453125,0,0,0,8866.359375,13417.403,13423.956
49,17,0,0,1,0,25470.46875,26854.83984375,0,0,0,29554.53125,28270.898,28277.426
35,12,1,0,1,0,25470.46875,21483.87109375,0,0,0,26599.078125,24122.2,24128.332
29,17,0,0,1,0,45063.13671875,35806.453125,0,0,0,0.0,41071.34,41077.473
26,12,0,0,0,0,16653.767578125,23274.193359375,0,0,0,2955.453125,23433.988,23440.643
22,12,1,0,1,0,1269.60485839844,0.0,0,1,0,0.0,1883.4108,1895.0453
23,11,1,0,1,1,15674.1337890625,8414.515625,0,0,0,8866.359375,12073.145,12079.327
51,8,1,0,1,1,15987.6171875,5800.64501953125,0,0,0,0.0,12371.083,12378.659
47,10,0,0,1,1,15674.1337890625,19693.548828125,0,0,0,22165.8984375,20247.97,20254.627
18,11,0,0,0,1,4351.53173828125,32270.564453125,0,0,0,2364.36254882812,30925.766,30932.316
46,16,0,0,1,0,26293.359375,65160.58203125,0,0,0,17732.71875,64261.14,64267.69
50,8,0,0,1,1,23511.201171875,25243.548828125,0,0,0,26155.759765625,26420.965,26427.47
37,17,0,0,1,0,48981.671875,46548.38671875,0,0,0,49503.83984375,49814.188,49820.71
32,12,0,1,1,0,23511.201171875,13964.515625,0,0,0,66497.6953125,18770.777,18776.96
22,12,0,0,1,0,14694.5009765625,16829.03125,0,0,0,21870.353515625,17397.32,17403.941
26,14,0,0,0,0,29389.001953125,30435.484375,0,0,0,29554.53125,31924.05,31930.582
21,12,0,0,1,0,16849.6953125,15396.7744140625,0,0,0,0.0,16775.629,16782.23
46,12,0,0,1,0,0.0,0.0,1,1,0,0.0,3312.6033,3366.3147
38,8,0,0,1,1,19592.66796875,19693.548828125,0,0,0,23643.625,20952.105,20958.635
21,12,0,0,1,0,29389.001953125,24169.35546875,0,0,0,28815.66796875,27309.895,27316.031
32,13,1,0,1,0,33307.53515625,37596.7734375,0,0,0,46891.21875,38675.85,38682.473
28,16,0,0,1,0,12572.615234375,21483.87109375,0,0,0,23495.853515625,21485.086,21491.643
22,10,1,0,1,1,1468.34802246094,5588.6640625,0,0,1,13228.2802734375,5657.303,5663.9
22,11,1,0,1,1,4449.4951171875,6187.35498046875,0,0,0,14570.3837890625,6435.042,6441.696
24,11,0,0,1,1,14694.5009765625,15575.8056640625,0,0,0,14777.265625,16370.891,16377.41
27,16,0,0,0,0,7837.0673828125,0.0,0,1,0,0.0,9444.365,9453.3125
24,10,1,0,0,1,0.0,0.0,1,1,1,0.0,2074.3088,2127.9082
44,8,0,0,1,1,25470.46875,26854.83984375,0,0,0,25860.21484375,28156.904,28163.432
31,12,0,0,1,0,29389.001953125,35806.453125,0,0,0,39159.75390625,36492.59,36499.242
37,12,0,0,1,0,0.0,0.0,1,1,0,0.0,2834.411,2888.1157
37,15,0,1,1,0,45063.13671875,39387.09765625,0,0,0,45809.5234375,43281.85,43287.98
47,10,0,1,1,1,21943.787109375,18977.419921875,0,0,0,19210.4453125,21171.543,21177.678
54,15,0,0,1,0,48981.671875,35806.453125,0,0,0,88663.59375,42854.695,42860.83
48,11,0,0,0,1,0.0,0.0,1,1,0,0.0,3360.1057,3413.8174
36,11,1,0,1,1,18025.255859375,21483.87109375,0,0,0,26599.078125,22121.88,22128.535
24,16,0,0,0,0,15587.9267578125,19505.564453125,0,0,0,19210.4453125,19959.18,19965.836
23,10,0,0,1,1,23511.201171875,25064.515625,0,0,0,25121.3515625,26120.875,26127.383
47,12,0,0,1,0,13714.8681640625,0.0,0,1,0,12560.67578125,16341.416,16350.365
23,12,1,0,1,0,15674.1337890625,16202.4189453125,0,0,0,19210.4453125,17123.977,17130.508
42,6,0,1,1,1,10775.966796875,22558.064453125,0,0,0,11821.8134765625,22498.047,22504.594
29,10,0,0,1,1,7347.25048828125,0.0,0,1,0,0.0,8847.97,8856.916
28,16,0,0,1,0,37226.0703125,34016.12890625,0,0,0,35465.4375,36819.13,36825.727
44,13,0,0,1,0,21679.287109375,21918.919921875,0,0,0,22165.8984375,23329.354,23335.885
48,16,0,0,1,0,0.0,0.0,1,1,0,0.0,3643.9094,3697.6145
34,10,1,0,0,1,15674.1337890625,12532.2578125,0,0,0,25121.3515625,14532.473,14538.606
32,10,0,0,1,1,43103.87109375,39387.09765625,0,0,0,36943.1640625,42549.812,42556.42
27,17,0,0,1,0,0.0,0.0,1,1,0,0.0,2584.239,2637.8447
22,11,1,0,1,1,4449.4951171875,6187.35498046875,0,0,0,14570.3837890625,6435.042,6441.696
22,12,1,0,1,0,2006.28918457031,2470.64526367188,0,0,0,0.0,2785.178,2792.655
27,6,0,0,1,1,9992.2607421875,11637.0966796875,0,0,0,13299.5390625,12072.805,12079.465
48,15,0,0,1,0,73472.5078125,71612.90625,0,0,0,85708.140625,75977.28,75983.81
39,12,1,0,1,0,13714.8681640625,17008.064453125,0,0,0,14629.4931640625,17537.973,17544.629
46,9,0,1,1,1,0.0,0.0,1,1,0,0.0,3204.9377,3258.64
28,14,1,0,1,0,17633.400390625,12532.2578125,0,0,0,16254.9921875,15357.079,15363.213
23,11,1,0,0,1,0.0,0.0,1,1,0,0.0,2077.3726,2130.967
23,15,0,0,1,0,16955.494140625,20844.7265625,0,0,0,25514.427734375,21340.604,21347.26
28,11,1,0,0,1,0.0,1284.07897949219,1,0,1,60307.9296875,2836.6077,2869.4119
29,12,0,0,1,0,26841.955078125,20588.7109375,0,0,0,42854.0703125,24110.795,24116.926
42,10,0,0,1,1,21551.935546875,18798.38671875,0,0,0,22165.8984375,20866.004,20872.137
49,10,1,0,1,1,10775.966796875,0.0,0,1,0,5319.81591796875,12976.34,12985.289
46,14,0,0,1,0,26450.1015625,26496.7734375,0,0,0,29554.53125,28198.432,28204.963
22,14,0,0,1,0,21551.935546875,21483.87109375,0,0,0,23200.306640625,22819.744,22826.27
23,12,0,0,1,0,24098.982421875,26854.83984375,0,0,0,17437.173828125,27710.846,27717.393
45,15,0,0,1,0,53879.8359375,51919.35546875,0,0,0,45809.5234375,55352.367,55358.89
40,16,0,0,1,0,26450.1015625,26854.83984375,0,0,0,32421.3203125,28459.738,28466.27
54,16,1,0,1,0,15674.1337890625,14322.5810546875,0,0,0,11821.8134765625,15885.298,15891.898
26,14,0,0,1,0,17241.548828125,20588.7109375,0,0,0,24530.26171875,21162.52,21169.176
21,12,0,0,1,0,13714.8681640625,3222.58056640625,0,0,0,14038.40234375,11828.726,11836.294
29,12,0,0,1,0,13910.7939453125,7161.29052734375,0,0,0,19210.4453125,10612.436,10618.618
29,15,0,0,0,0,0.0,21483.87109375,1,0,0,22313.671875,25546.41,25570.957
21,13,1,0,0,0,18221.181640625,21125.806640625,0,0,0,21870.353515625,21735.883,21742.543
33,9,0,0,1,1,12735.234375,6266.12890625,0,0,0,8866.359375,9583.924,9590.105
53,2,0,0,1,1,11755.6005859375,8593.548828125,0,0,0,0.0,10537.055,10543.1875
55,2,1,0,1,1,33307.53515625,20946.7734375,0,0,0,28076.8046875,27160.127,27166.31
35,10,1,0,1,1,3918.53369140625,3795.48388671875,0,0,0,7802.396484375,4360.5513,4367.0767
50,12,0,1,1,0,9788.4970703125,9846.7744140625,0,0,0,13299.5390625,10760.2295,10766.76
26,10,1,0,1,1,9404.48046875,4923.38720703125,0,0,0,17732.71875,7292.4146,7298.597
35,12,1,0,1,0,25470.46875,21483.87109375,0,0,0,26599.078125,24122.2,24128.332
