age,education,black,hispanic,married,nodegree,re74,re75,u74,u75,t,y,t_prob
25,16,0,0,1,0,28409.369140625,29540.322265625,0,0,0,32509.984375,8.552055e-15
20,12,1,0,0,0,989.267822265625,165.207702636719,0,0,1,0.0,2.0691664e-06
36,8,0,1,1,1,19592.66796875,11995.1611328125,0,0,0,16993.85546875,0.0
48,16,0,0,1,0,1240.21594238281,1466.27416992188,0,0,0,1152.62670898438,0.16049038
23,11,1,0,1,1,11755.6005859375,5818.54833984375,0,0,0,10048.541015625,0.0
39,6,1,0,1,1,14694.5009765625,16470.96875,0,0,0,28076.8046875,1.3659144e-09
36,12,1,0,1,0,0.0,0.0,1,1,0,17732.71875,0.40489006
42,11,1,0,0,1,14694.5009765625,15217.7421875,0,0,0,11821.8134765625,4.7666205e-08
33,17,0,0,1,0,43103.87109375,43236.2890625,0,0,0,40415.8203125,1.2265995e-24
23,12,0,0,1,0,17437.474609375,12532.2578125,0,0,0,21427.03515625,6.868259e-37
44,11,1,0,0,1,5172.46435546875,6266.12890625,0,0,0,0.0,6.9392413e-06
48,8,1,0,1,1,16261.9140625,11637.0966796875,0,0,0,5172.04296875,4.963547e-35
24,12,0,0,1,0,16849.6953125,18619.35546875,0,0,0,25121.3515625,1.2285898e-09
26,12,1,0,1,0,17633.400390625,18798.38671875,0,0,0,18471.58203125,1.086376e-08
31,9,1,0,1,1,6024.74560546875,5621.61279296875,0,0,0,10196.3134765625,0.00015327947
25,14,1,0,1,0,33699.390625,17724.193359375,0,0,0,25121.3515625,0.0
35,12,0,0,0,0,13714.8681640625,15038.7099609375,0,0,0,26599.078125,2.5296706e-07
29,12,0,0,0,0,43103.87109375,37596.7734375,0,0,0,50242.703125,3.0255595e-33
49,8,0,0,1,1,31348.26953125,37596.7734375,0,0,0,38420.890625,5.8492334e-32
29,10,0,0,1,1,23711.046875,26854.83984375,0,0,0,13299.5390625,1.3794663e-16
25,10,1,0,1,1,12696.048828125,8951.61328125,0,0,0,14777.265625,3.3721995e-29
28,13,0,0,1,0,25470.46875,19693.548828125,0,0,0,26599.078125,1.0462428e-35
36,9,0,0,1,1,0.0,0.0,1,1,0,0.0,0.38937253
29,12,0,0,1,0,8389.580078125,5908.064453125,0,0,0,14481.7197265625,1.8418404e-19
44,11,1,0,1,1,3918.53369140625,5370.9677734375,0,0,0,2955.453125,1.3977153e-07
31,13,0,0,1,0,20572.30078125,33658.06640625,0,0,0,31032.2578125,0.0
40,16,0,0,1,0,35266.80078125,44758.06640625,0,0,0,56153.609375,0.0
42,5,1,0,1,1,7837.0673828125,7161.29052734375,0,0,0,14777.265625,4.7924927e-06
40,12,1,0,1,0,27429.734375,23274.193359375,0,0,0,38420.890625,2.4303775e-22
40,12,0,0,1,0,31348.26953125,31330.64453125,0,0,0,27633.486328125,2.8308453e-18
27,14,0,0,0,0,7837.0673828125,14322.5810546875,0,0,0,16254.9921875,2.5416527e-32
51,16,0,0,1,0,27429.734375,28645.16015625,0,0,0,28076.8046875,3.6728528e-14
29,16,0,0,1,0,21551.935546875,23274.193359375,0,0,0,23643.625,5.0810867e-10
27,9,1,0,0,1,0.0,0.0,1,1,1,0.0,0.4687769
29,10,1,0,0,1,0.0,4398.9501953125,1,0,1,0.0,1.0247495e-38
46,12,0,0,1,0,19394.78125,19201.2109375,0,0,0,20431.048828125,8.793868e-12
32,10,0,0,1,1,33307.53515625,25064.515625,0,0,0,29554.53125,0.0
44,11,1,0,1,1,24294.908203125,35806.453125,0,0,0,29554.53125,0.0
25,12,0,0,1,0,9796.333984375,2685.48388671875,0,0,0,25121.3515625,0.0
52,8,0,0,1,1,19592.66796875,17903.2265625,0,0,0,17289.400390625,3.1842445e-14
48,11,0,0,1,1,22178.900390625,19693.548828125,0,0,0,16254.9921875,7.421875e-17
48,8,0,0,1,1,31510.888671875,35795.7109375,0,0,0,28076.8046875,2.1997877e-22
34,13,0,0,1,0,27233.80859375,25064.515625,0,0,0,31032.2578125,3.4641779e-19
25,15,0,0,0,0,20738.83984375,21483.87109375,0,0,0,39011.98046875,4.7587104e-11
53,2,0,0,1,1,11755.6005859375,8593.548828125,0,0,0,0.0,3.9699952e-23
20,12,1,0,0,0,1367.56823730469,12532.2578125,0,0,0,2955.453125,0.0
27,16,0,0,1,0,30760.48828125,26317.7421875,0,0,0,25860.21484375,1.3737369e-24
33,17,0,0,1,0,54859.46875,46548.38671875,0,0,0,76841.78125,0.0
27,15,0,0,1,0,19592.66796875,14859.6767578125,0,0,0,23643.625,2.9718004e-31
27,13,0,0,1,0,19735.6953125,20051.61328125,0,0,0,36943.1640625,3.730541e-11
21,12,0,0,1,0,11755.6005859375,10204.8388671875,0,0,0,12560.67578125,1.8189339e-09
24,13,0,0,0,0,2351.1201171875,3127.69360351562,0,0,0,14777.265625,0.00028226865
20,11,1,0,0,1,3637.498046875,1220.83605957031,0,0,1,1085.43994140625,5.17348e-18
38,9,0,0,1,1,25470.46875,21483.87109375,0,0,0,47287.25,5.3132157e-21
24,12,1,0,1,0,9796.333984375,14322.5810546875,0,0,0,33987.7109375,7.5056726e-23
28,12,0,0,1,0,22727.494140625,20051.61328125,0,0,0,22904.76171875,2.1087605e-17
32,16,0,0,1,0,52900.203125,48338.7109375,0,0,0,0.0,2.5551491e-37
23,12,0,0,1,0,7837.0673828125,8951.61328125,0,0,0,12058.2490234375,4.04094e-06
28,16,0,0,1,0,37226.0703125,34016.12890625,0,0,0,35465.4375,2.2108204e-26
54,9,1,0,0,1,21551.935546875,30435.484375,0,0,0,33987.7109375,0.0
52,5,0,0,1,1,13714.8681640625,14322.5810546875,0,0,0,14777.265625,1.9314736e-07
24,10,1,0,0,1,3152.46020507812,3902.9033203125,0,0,0,7447.74169921875,0.00033004445
20,10,0,0,0,1,1381.28308105469,3523.35473632812,0,0,0,9309.677734375,6.155997e-11
22,10,1,0,1,1,9717.962890625,9023.2255859375,0,0,0,13299.5390625,4.7784914e-07
26,17,0,0,1,0,27843.140625,28645.16015625,0,0,0,49651.61328125,5.7883763e-15
30,7,1,0,1,1,15995.4541015625,15387.8232421875,0,0,0,13151.7666015625,1.6132075e-10
43,10,0,0,1,1,5877.80029296875,17903.2265625,0,0,0,20688.171875,0.0
47,7,0,0,1,1,27821.58984375,27929.03125,0,0,0,28925.01953125,3.6946865e-16
27,17,0,0,1,0,22727.494140625,22379.03125,0,0,0,24086.943359375,8.172051e-14
51,16,0,0,0,0,25470.46875,24169.35546875,0,0,0,12708.44921875,7.126229e-17
44,10,1,0,1,1,20993.544921875,19190.46875,0,0,0,25068.154296875,3.698397e-15
42,16,0,0,1,0,21551.935546875,0.0,0,1,0,41376.34375,0.0
24,13,1,0,0,0,17633.400390625,25064.515625,0,0,0,22165.8984375,2.5798696e-37
53,12,0,0,1,0,28213.44140625,26854.83984375,0,0,0,0.0,1.470462e-18
20,8,1,0,0,1,2938.90014648438,1838.66125488281,0,0,0,1226.51306152344,3.0944651e-09
28,16,0,0,1,0,27429.734375,25064.515625,0,0,0,31032.2578125,1.4977883e-19
47,12,0,1,1,0,22531.568359375,25028.7109375,0,0,0,25564.669921875,2.6984068e-13
42,12,0,0,1,0,21160.080078125,21483.87109375,0,0,0,12232.62109375,5.4586127e-12
25,9,0,0,1,1,14263.4619140625,12890.3232421875,0,0,0,16254.9921875,1.1603418e-10
28,17,0,0,1,0,28213.44140625,25422.580078125,0,0,0,26451.306640625,1.24860175e-20
47,6,1,0,1,1,10775.966796875,8056.45166015625,0,0,0,0.0,7.334756e-19
23,12,0,0,1,0,19592.66796875,21215.322265625,0,0,0,24884.916015625,4.2925206e-09
55,16,0,0,1,0,48981.671875,46548.38671875,0,0,0,47878.33984375,6.4920214e-32
28,11,0,0,1,1,14106.720703125,10741.9345703125,0,0,0,20392.626953125,4.54706e-22
21,12,0,0,0,0,16653.767578125,17903.2265625,0,0,0,19210.4453125,5.39577e-08
39,17,0,0,1,0,48981.671875,50129.03125,0,0,0,44331.796875,1.9410057e-26
18,11,1,0,0,1,5877.80029296875,6932.12890625,0,0,0,9457.4501953125,8.388115e-06
26,17,0,0,1,0,27843.140625,28645.16015625,0,0,0,49651.61328125,5.7883763e-15
29,16,1,0,1,0,19592.66796875,20588.7109375,0,0,0,42854.0703125,5.0988336e-10
49,9,0,0,1,1,0.0,21483.87109375,1,0,0,69453.1484375,0.0
23,11,0,1,0,1,3526.68017578125,2685.48388671875,0,0,0,8127.49609375,9.745694e-06
45,14,0,0,1,0,13714.8681640625,19102.7421875,0,0,0,30145.62109375,4.174532e-27
24,17,0,0,1,0,1371.48681640625,0.0,0,1,0,24825.806640625,2.8306612e-11
20,11,0,0,1,1,1567.41345214844,3222.58056640625,0,0,0,2955.453125,1.4949656e-08
42,16,0,0,0,0,4398.55419921875,17903.2265625,0,0,0,16254.9921875,0.0
48,8,0,0,1,1,11755.6005859375,8844.193359375,0,0,0,3073.67138671875,8.372333e-20
27,12,0,0,1,0,19592.66796875,18082.2578125,0,0,0,32657.7578125,7.418687e-14
27,17,0,0,1,0,25078.615234375,19693.548828125,0,0,0,24530.26171875,3.5636247e-31
50,6,1,0,1,1,13033.04296875,4092.67749023438,0,0,0,0.0,0.0
43,10,1,0,1,1,3918.53369140625,2148.38720703125,0,0,0,0.0,3.7092006e-14
51,8,0,0,1,1,14465.2666015625,21752.419921875,0,0,0,0.0,2.0366695e-36
33,10,0,0,1,1,10971.8935546875,12174.1943359375,0,0,0,24825.806640625,1.2163118e-06
23,12,1,0,1,0,19592.66796875,17008.064453125,0,0,0,22165.8984375,1.7445349e-15
47,10,0,0,1,1,19004.888671875,17903.2265625,0,0,0,21722.580078125,5.7452643e-13
26,14,0,0,1,0,32131.9765625,29898.38671875,0,0,0,28032.47265625,4.941363e-22
39,7,0,0,1,1,21712.595703125,24065.515625,0,0,0,23643.625,1.224905e-12
39,14,0,0,1,0,31348.26953125,27750.0,0,0,0,47287.25,1.1006629e-23
28,16,0,0,1,0,16653.767578125,15396.7744140625,0,0,0,17437.173828125,9.143444e-12
22,12,0,1,1,0,17633.400390625,17903.2265625,0,0,0,14777.265625,5.2188726e-10
22,11,1,0,1,1,12539.3076171875,21483.87109375,0,0,0,13299.5390625,0.0
27,16,0,0,1,0,19592.66796875,12532.2578125,0,0,0,17720.896484375,0.0
53,12,0,0,1,0,41144.6015625,42967.7421875,0,0,0,39898.6171875,4.6919567e-21
28,16,0,0,1,0,20572.30078125,18798.38671875,0,0,0,22165.8984375,9.058235e-15
49,6,0,1,1,1,12539.3076171875,16470.96875,0,0,0,13595.083984375,5.74987e-20
28,17,0,0,1,0,23511.201171875,20946.7734375,0,0,0,69453.1484375,1.2692972e-17
22,16,0,0,0,0,0.0,22558.064453125,1,0,0,32509.984375,0.0
30,12,0,0,0,0,16457.841796875,14680.64453125,0,0,0,15146.697265625,1.7078936e-12
27,15,0,0,1,0,3722.60693359375,4654.8388671875,0,0,0,19210.4453125,4.70335e-05
21,12,0,0,0,0,16653.767578125,17903.2265625,0,0,0,19210.4453125,5.39577e-08
20,12,0,0,1,0,20376.375,18655.16015625,0,0,0,16993.85546875,1.3181967e-14
20,12,1,0,0,0,2351.1201171875,4475.806640625,0,0,0,17732.71875,6.9236186e-11
24,16,0,0,1,0,14067.5361328125,24706.451171875,0,0,0,37829.80078125,0.0
19,9,1,0,0,1,0.0,798.907897949219,1,0,1,17685.1796875,2.2023167e-07
32,13,0,0,1,0,20572.30078125,25064.515625,0,0,0,7388.6328125,5.0010768e-23
31,12,0,0,1,0,27429.734375,22379.03125,0,0,0,0.0,1.1240255e-23
49,17,0,0,1,0,25470.46875,26854.83984375,0,0,0,29554.53125,8.828316e-13
27,12,0,0,0,0,27821.58984375,27212.90234375,0,0,0,32509.984375,3.7564912e-17
40,8,0,0,1,1,25470.46875,21483.87109375,0,0,0,16254.9921875,5.13615e-21
38,12,0,0,1,0,23511.201171875,26854.83984375,0,0,0,29554.53125,1.6366882e-17
27,12,1,0,1,0,3670.8720703125,334.049285888672,0,0,1,0.0,5.1924817e-25
53,12,0,0,1,0,11755.6005859375,9893.322265625,0,0,0,5172.04296875,5.312962e-10
22,9,1,0,0,1,2192.876953125,3836.98608398438,0,0,1,3462.56396484375,1.5120108e-08
29,15,0,0,1,0,26450.1015625,27250.5,0,0,0,28815.66796875,3.3236184e-14
28,8,0,0,1,1,9404.48046875,14322.5810546875,0,0,0,12560.67578125,9.515596e-25
52,12,0,0,1,0,33307.53515625,34171.88671875,0,0,0,28667.896484375,4.5438785e-18
25,12,1,0,0,0,0.0,0.0,1,1,1,11965.8095703125,0.5096803
27,12,1,0,1,0,10775.966796875,8951.61328125,0,0,0,7536.4052734375,2.4085427e-09
34,6,0,0,1,1,17633.400390625,17903.2265625,0,0,0,4876.49755859375,3.973279e-10
23,14,0,0,1,0,23511.201171875,24169.35546875,0,0,0,31032.2578125,9.357271e-13
29,16,0,0,1,0,0.0,26854.83984375,1,0,0,23643.625,0.0
49,17,0,0,1,0,47022.40234375,48338.7109375,0,0,0,44331.796875,4.314187e-25
49,12,0,0,1,0,35266.80078125,32225.806640625,0,0,0,47287.25,4.234457e-25
49,17,0,0,1,0,47022.40234375,48338.7109375,0,0,0,44331.796875,4.314187e-25
51,8,1,0,1,1,33299.69921875,25064.515625,0,0,0,25121.3515625,0.0
25,12,0,0,1,0,13291.666015625,14202.62890625,0,0,0,14777.265625,1.3118396e-06
26,16,0,0,0,0,24490.8359375,27750.0,0,0,0,9605.22265625,3.655668e-17
26,10,1,0,1,1,9404.48046875,4923.38720703125,0,0,0,17732.71875,2.5158943e-34
46,12,0,0,1,0,15674.1337890625,734.032287597656,0,0,0,20688.171875,0.0
37,14,0,0,1,0,0.0,32225.806640625,1,0,0,0.0,0.0
34,7,0,0,0,1,17619.685546875,20481.2890625,0,0,0,19432.103515625,5.3143063e-15
33,12,1,0,1,0,23511.201171875,14322.5810546875,0,0,0,23643.625,0.0
38,12,0,0,1,0,43103.87109375,41177.41796875,0,0,0,36943.1640625,7.9476855e-28
23,14,0,0,1,0,18722.75390625,21662.90234375,0,0,0,28076.8046875,2.0733785e-15
33,12,0,0,1,0,20503.7265625,21483.87109375,0,0,0,20688.171875,1.3252177e-10
37,15,0,1,1,0,45063.13671875,39387.09765625,0,0,0,45809.5234375,1.4481334e-34
51,12,0,0,1,0,44083.50390625,41177.41796875,0,0,0,48764.9765625,6.8169404e-30
27,13,0,0,1,0,38401.62890625,34016.12890625,0,0,0,11128.7587890625,7.311756e-29
31,9,1,0,0,1,17437.474609375,13427.4189453125,0,0,0,11326.7744140625,2.829173e-25
49,13,0,0,1,0,18221.181640625,17903.2265625,0,0,0,17732.71875,2.6623167e-11
46,11,0,0,1,1,39185.3359375,39387.09765625,0,0,0,35465.4375,2.0858657e-22
35,9,1,0,1,1,26134.66015625,24169.35546875,0,0,0,26599.078125,2.6074991e-18
41,8,0,0,1,1,0.0,0.0,1,1,0,0.0,0.33630475
27,16,0,0,1,0,0.0,0.0,1,1,0,0.0,0.53341
50,7,1,0,1,1,13714.8681640625,17903.2265625,0,0,0,16254.9921875,2.7512393e-21
28,17,0,0,1,0,25607.6171875,18091.2109375,0,0,0,22165.8984375,0.0
27,14,0,0,1,0,28409.369140625,32225.806640625,0,0,0,39898.6171875,5.0781542e-20
50,8,0,0,1,1,0.0,0.0,1,1,0,0.0,0.2639476
29,14,0,0,1,0,19200.814453125,21483.87109375,0,0,0,23052.53515625,3.3583386e-12
27,14,1,0,0,0,19592.66796875,25064.515625,0,0,0,28815.66796875,8.301823e-28
29,16,0,0,1,0,24490.8359375,23453.2265625,0,0,0,25860.21484375,7.128055e-16
55,12,0,0,1,0,23511.201171875,20588.7109375,0,0,0,22165.8984375,2.8431178e-18
38,14,0,0,0,0,11755.6005859375,21483.87109375,0,0,0,7388.6328125,0.0
35,10,0,0,1,1,21583.283203125,23847.09765625,0,0,0,22756.98828125,3.3915802e-12
39,12,0,0,1,0,38205.703125,39387.09765625,0,0,0,43740.70703125,2.4500581e-20
25,15,0,0,1,0,30956.4140625,41177.41796875,0,0,0,35465.4375,0.0
37,12,0,0,1,0,0.0,0.0,1,1,0,0.0,0.40097162
22,15,0,0,1,0,1763.34008789062,5370.9677734375,0,0,0,22165.8984375,4.6595187e-18
28,12,1,0,1,0,19592.66796875,24169.35546875,0,0,0,25860.21484375,1.955553e-23
20,12,0,0,1,0,14694.5009765625,16112.9033203125,0,0,0,26599.078125,7.3801516e-08
18,9,0,0,1,1,17633.400390625,16112.9033203125,0,0,0,17584.9453125,8.8234335e-13
23,11,0,1,0,1,3526.68017578125,2685.48388671875,0,0,0,8127.49609375,9.745694e-06
43,12,1,0,1,0,17633.400390625,10741.9345703125,0,0,0,21858.53125,0.0
37,11,1,0,1,1,29389.001953125,21483.87109375,0,0,0,13063.1025390625,0.0
28,14,0,0,1,0,19984.521484375,12532.2578125,0,0,0,31032.2578125,0.0
31,14,0,0,1,0,12735.234375,17724.193359375,0,0,0,29850.076171875,3.6081605e-25
49,6,0,0,1,1,35266.80078125,33120.96875,0,0,0,26894.623046875,8.243522e-24
22,13,0,0,1,0,14694.5009765625,16112.9033203125,0,0,0,0.0,7.58225e-08
27,14,0,0,1,0,12419.7919921875,16829.03125,0,0,0,25178.982421875,2.4272457e-22
26,12,0,0,1,0,19592.66796875,21125.806640625,0,0,0,21982.66015625,3.097973e-09
27,8,1,0,0,1,6269.65380859375,6624.193359375,0,0,0,7388.6328125,0.0015487316
27,12,1,0,1,0,24686.76171875,22558.064453125,0,0,0,22609.216796875,1.09737105e-17
40,12,1,0,0,0,0.0,0.0,1,1,1,10804.3203125,0.3687655
50,11,1,0,0,1,10188.1865234375,17903.2265625,0,0,0,14777.265625,2.3098019e-38
33,12,0,0,1,0,21551.935546875,21483.87109375,0,0,0,21427.03515625,8.6658876e-13
52,9,0,0,1,1,19592.66796875,16112.9033203125,0,0,0,24045.56640625,6.2648595e-17
25,5,1,0,0,1,0.0,0.0,1,1,1,12187.41015625,0.4503346
23,14,0,0,1,0,11755.6005859375,11637.0966796875,0,0,0,25121.3515625,2.8265336e-07
39,8,0,0,1,1,14694.5009765625,12532.2578125,0,0,0,16254.9921875,3.8462436e-12
33,12,0,0,0,0,19592.66796875,19693.548828125,0,0,0,13299.5390625,2.00052e-11
23,12,0,0,1,0,17633.400390625,21546.53125,0,0,0,4433.1796875,3.946973e-20
25,13,0,0,1,0,23511.201171875,23456.806640625,0,0,0,26007.98828125,7.500412e-14
45,4,0,0,1,1,15004.0654296875,13586.7578125,0,0,0,17686.908203125,3.0559496e-11
36,13,0,0,1,0,33307.53515625,28645.16015625,0,0,0,28372.349609375,2.0509085e-26
30,17,0,0,1,0,4898.1669921875,12084.6767578125,0,0,0,5172.04296875,1.3326428e-35
17,7,1,0,0,1,0.0,0.0,1,1,1,3023.87890625,0.5457612
48,17,0,0,1,0,31348.26953125,29540.322265625,0,0,0,32951.82421875,5.9406985e-21
22,13,1,0,1,0,15403.755859375,14320.7900390625,0,0,0,18660.73046875,8.0542115e-11
36,11,1,0,1,1,18025.255859375,21483.87109375,0,0,0,26599.078125,6.643361e-18
28,16,0,0,1,0,12572.615234375,21483.87109375,0,0,0,23495.853515625,0.0
45,8,0,0,1,1,0.0,0.0,1,1,0,0.0,0.30291188
22,16,0,0,1,0,7837.0673828125,16112.9033203125,0,0,0,16254.9921875,0.0
24,10,1,0,1,1,14482.900390625,10741.9345703125,0,0,0,11821.8134765625,2.1830142e-26
47,16,0,0,1,0,68574.3359375,71612.90625,0,0,0,73886.328125,1.0811648e-34
31,14,0,0,1,0,31348.26953125,34016.12890625,0,0,0,38986.859375,1.6571778e-14
34,17,0,0,1,0,32327.90234375,34016.12890625,0,0,0,33987.7109375,3.561939e-16
19,8,1,0,0,1,2636.35302734375,2937.26391601562,0,0,1,7535.94189453125,0.048205685
54,15,0,0,1,0,48981.671875,35806.453125,0,0,0,88663.59375,0.0
37,16,0,0,1,0,49961.3046875,41177.41796875,0,0,0,39898.6171875,0.0
47,8,0,0,0,1,0.0,0.0,1,1,0,0.0,0.28719965
34,16,0,0,1,0,0.0,0.0,1,1,0,11821.8134765625,0.46628287
49,12,0,0,0,0,11755.6005859375,0.0,0,1,0,0.0,0.0
30,17,0,0,1,0,0.0,0.0,1,1,0,0.0,0.5140875
27,7,0,0,1,1,19984.521484375,20409.677734375,0,0,0,31032.2578125,3.368592e-11
28,11,0,0,1,1,14106.720703125,10741.9345703125,0,0,0,20392.626953125,4.54706e-22
30,16,0,0,1,0,41144.6015625,42967.7421875,0,0,0,47287.25,5.7433565e-21
17,10,1,0,0,1,0.0,0.0,1,1,1,0.0,0.57319844
34,12,0,0,1,0,30564.5625,24885.484375,0,0,0,24678.033203125,1.5591005e-26
27,14,0,0,1,0,13714.8681640625,15217.7421875,0,0,0,13447.3115234375,3.342497e-08
21,12,0,0,1,0,23511.201171875,50129.03125,0,0,0,0.0,0.0
40,12,1,0,0,0,0.0,0.0,1,1,1,10804.3203125,0.3687655
20,11,0,0,0,1,13714.8681640625,14322.5810546875,0,0,0,36943.1640625,2.5700365e-07
32,10,0,0,1,1,24686.76171875,27033.87109375,0,0,0,22904.76171875,1.0068263e-12
51,7,0,0,1,1,3291.56811523438,8951.61328125,0,0,0,0.0,4.420888e-28
27,17,0,0,1,0,0.0,0.0,1,1,0,0.0,0.5427984
40,12,0,0,1,0,27429.734375,27008.806640625,0,0,0,25440.541015625,1.1467193e-16
26,17,0,0,1,0,27843.140625,28645.16015625,0,0,0,49651.61328125,5.7883763e-15
33,12,0,0,0,0,19592.66796875,19693.548828125,0,0,0,13299.5390625,2.00052e-11
40,10,0,0,1,1,14302.6484375,24169.35546875,0,0,0,21427.03515625,0.0
37,12,0,0,1,0,27429.734375,28645.16015625,0,0,0,0.0,3.5364083e-14
30,14,0,0,1,0,0.0,32225.806640625,1,0,0,22165.8984375,0.0
24,12,0,0,1,0,13714.8681640625,16112.9033203125,0,0,0,16254.9921875,1.3638037e-12
26,12,0,0,1,0,21160.080078125,24169.35546875,0,0,0,21279.263671875,7.7839093e-16
27,12,0,0,1,0,35266.80078125,53888.7109375,0,0,0,14777.265625,0.0
21,12,1,0,0,0,8816.7001953125,14859.6767578125,0,0,0,5578.41796875,3.0735265e-30
52,16,0,0,1,0,33307.53515625,30793.548828125,0,0,0,28815.66796875,3.7498077e-23
25,17,0,0,1,0,21551.935546875,31151.61328125,0,0,0,53937.01953125,0.0
49,7,0,0,1,1,29247.935546875,20767.7421875,0,0,0,21341.326171875,0.0
33,10,0,0,1,1,10971.8935546875,12174.1943359375,0,0,0,24825.806640625,1.2163118e-06
44,12,0,0,1,0,0.0,71612.90625,1,0,0,81274.9609375,0.0
26,17,0,0,1,0,27843.140625,28645.16015625,0,0,0,49651.61328125,5.7883763e-15
22,11,0,0,1,1,6442.0693359375,5818.54833984375,0,0,0,2216.58984375,4.5705503e-05
35,16,0,0,1,0,35266.80078125,34016.12890625,0,0,0,40489.70703125,2.5955056e-22
35,12,0,0,1,0,19592.66796875,19693.548828125,0,0,0,22535.330078125,1.9959312e-11
32,17,0,0,1,0,37226.0703125,46548.38671875,0,0,0,25121.3515625,0.0
43,12,0,0,1,0,11755.6005859375,0.0,0,1,0,295.545318603516,0.0
50,12,0,0,1,0,15282.28125,14322.5810546875,0,0,0,13151.7666015625,1.268353e-10
19,8,0,0,1,1,14694.5009765625,12532.2578125,0,0,0,18539.55859375,4.203584e-12
50,12,0,0,1,0,22306.25390625,27544.11328125,0,0,0,26876.890625,1.1240537e-26
28,10,1,0,0,1,0.0,2836.50610351562,1,0,1,3196.57104492188,4.0543193e-25
26,12,0,0,1,0,12931.1611328125,11100.0,0,0,0,22165.8984375,1.4413722e-10
27,16,0,0,1,0,19592.66796875,12532.2578125,0,0,0,17720.896484375,0.0
31,16,0,0,1,0,39185.3359375,42967.7421875,0,0,0,76841.78125,3.2303842e-20
22,11,1,0,1,1,4449.4951171875,6187.35498046875,0,0,0,14570.3837890625,4.591012e-09
40,17,0,1,1,0,39185.3359375,41177.41796875,0,0,0,33987.7109375,1.3903418e-19
35,11,1,0,1,1,15674.1337890625,17903.2265625,0,0,0,0.0,8.024521e-12
37,12,0,0,1,0,27429.734375,28645.16015625,0,0,0,0.0,3.5364083e-14
42,8,1,0,1,1,11755.6005859375,10741.9345703125,0,0,0,11821.8134765625,9.567433e-09
36,12,0,0,1,0,33307.53515625,30435.484375,0,0,0,41376.34375,1.04237295e-23
26,8,1,0,1,1,25470.46875,23274.193359375,0,0,0,23643.625,2.8081086e-18
27,12,0,0,1,0,13910.7939453125,14859.6767578125,0,0,0,15072.810546875,6.6205996e-07
46,11,0,0,1,1,34287.16796875,30077.419921875,0,0,0,39898.6171875,2.5057612e-26
24,10,1,0,1,1,11703.2001953125,4078.15209960938,0,0,1,0.0,0.0
36,10,1,0,1,1,18417.107421875,16112.9033203125,0,0,0,22165.8984375,1.9156617e-14
18,11,1,0,0,1,5877.80029296875,6932.12890625,0,0,0,9457.4501953125,8.388115e-06
25,12,1,0,0,0,14426.7900390625,2409.27392578125,0,0,1,0.0,0.0
25,7,1,0,0,1,17045.62109375,16137.9677734375,0,0,0,11821.8134765625,1.4598312e-11
40,5,1,0,1,1,10188.1865234375,12174.1943359375,0,0,0,0.0,1.8711678e-10
25,5,1,0,0,1,0.0,0.0,1,1,1,6181.8798828125,0.4503346
33,12,0,0,1,0,28017.515625,25422.580078125,0,0,0,22756.98828125,2.759239e-20
33,12,0,0,1,0,13714.8681640625,18082.2578125,0,0,0,26081.873046875,3.5640216e-22
36,7,1,0,1,1,14694.5009765625,15754.8388671875,0,0,0,19210.4453125,2.9125883e-07
35,11,1,0,1,1,11755.6005859375,8951.61328125,0,0,0,0.0,2.0887123e-18
34,12,0,0,1,0,35266.80078125,35806.453125,0,0,0,36943.1640625,1.2292774e-19
33,9,0,0,1,1,12735.234375,6266.12890625,0,0,0,8866.359375,0.0
49,12,0,0,1,0,23511.201171875,35806.453125,0,0,0,23643.625,0.0
27,12,1,0,1,0,13127.087890625,12353.2255859375,0,0,0,11526.2666015625,4.407611e-09
26,10,1,0,0,1,25929.6796875,6788.9580078125,0,0,1,672.877319335938,0.0
31,12,0,0,1,0,23511.201171875,17903.2265625,0,0,0,22165.8984375,1.4769641e-36
41,12,1,0,1,0,21551.935546875,24885.484375,0,0,0,21427.03515625,2.141789e-17
21,14,0,0,1,0,6974.98974609375,11407.9345703125,0,0,0,17141.62890625,2.7859099e-22
39,12,0,0,1,0,39185.3359375,24169.35546875,0,0,0,23643.625,0.0
27,6,0,0,1,1,9992.2607421875,11637.0966796875,0,0,0,13299.5390625,8.312837e-09
44,6,1,0,1,1,19592.66796875,14322.5810546875,0,0,0,5615.36083984375,2.784708e-38
40,11,1,0,0,1,0.0,0.0,1,1,1,23005.599609375,0.3661157
37,12,0,0,1,0,21551.935546875,22379.03125,0,0,0,24382.48828125,1.9435915e-11
30,12,1,0,0,0,0.0,0.0,1,1,1,24909.44921875,0.46173614
21,12,0,0,0,0,0.0,0.0,1,1,1,8048.60302734375,0.553425
54,13,0,0,1,0,0.0,0.0,1,1,0,0.0,0.26566705
27,11,1,0,0,1,0.0,0.0,1,1,1,549.298400878906,0.48762575
52,5,0,0,1,1,20572.30078125,16112.9033203125,0,0,0,19210.4453125,3.0515112e-26
28,11,0,0,1,1,14106.720703125,10741.9345703125,0,0,0,20392.626953125,4.54706e-22
34,12,0,0,1,0,22727.494140625,18619.35546875,0,0,0,20688.171875,1.3768619e-19
41,8,0,0,1,1,20572.30078125,22379.03125,0,0,0,19633.07421875,6.405038e-10
47,16,0,0,1,0,50940.9375,53709.67578125,0,0,0,54675.8828125,4.096762e-25
54,6,1,0,1,1,8354.3134765625,0.0,0,1,0,0.0,0.0
54,12,0,0,1,0,0.0,0.0,1,1,0,0.0,0.2583633
25,14,1,0,1,0,20768.228515625,23274.193359375,0,0,0,26303.533203125,2.2735001e-13
47,8,0,0,1,1,25707.5390625,25064.515625,0,0,0,19062.673828125,4.3353735e-16
50,12,0,0,1,0,26254.17578125,0.0,0,1,0,0.0,0.0
26,16,0,0,0,0,0.0,0.0,1,1,0,9014.1318359375,0.543275
19,11,0,0,0,1,4114.46044921875,4654.8388671875,0,0,0,8570.814453125,0.0032323755
27,11,1,0,0,1,0.0,0.0,1,1,1,0.0,0.48762575
29,8,1,0,0,1,0.0,0.0,1,1,1,1923.93798828125,0.4403698
29,12,1,0,0,0,29193.07421875,15396.7744140625,0,0,0,31032.2578125,0.0
34,12,0,0,1,0,22727.494140625,18619.35546875,0,0,0,20688.171875,1.3768619e-19
48,16,0,0,1,0,0.0,0.0,1,1,0,0.0,0.33784786
47,11,0,0,1,1,32719.755859375,30435.484375,0,0,0,36943.1640625,1.6103815e-22
48,10,1,0,1,1,10785.763671875,5370.9677734375,0,0,0,14895.484375,0.0
36,12,1,0,1,0,0.0,8951.61328125,1,0,0,11821.8134765625,0.0
31,12,0,0,0,0,0.0,2611.21801757812,1,0,1,2484.54907226562,4.0241385e-23
51,4,1,0,1,1,0.0,0.0,1,1,0,0.0,0.22071809
28,13,0,0,1,0,15282.28125,14322.5810546875,0,0,0,14038.40234375,1.4339847e-10
31,14,0,0,1,0,0.0,0.0,1,1,0,0.0,0.47617477
43,12,0,0,1,0,17633.400390625,26854.83984375,0,0,0,28076.8046875,0.0
37,12,1,0,1,0,29389.001953125,22379.03125,0,0,0,19210.4453125,0.0
19,11,1,0,0,1,29725.99609375,8806.5966796875,0,0,0,9457.4501953125,0.0
28,9,0,0,1,1,16653.767578125,17158.451171875,0,0,0,17957.33203125,3.5859604e-09
52,8,1,0,1,1,35266.80078125,33120.96875,0,0,0,44147.08203125,8.4303885e-24
51,12,0,0,1,0,25862.322265625,20588.7109375,0,0,0,24825.806640625,1.6859101e-28
38,14,0,0,0,0,11755.6005859375,21483.87109375,0,0,0,7388.6328125,0.0
33,6,1,0,1,1,11739.9267578125,5958.193359375,0,0,0,9788.4609375,0.0
25,14,0,0,1,0,21551.935546875,22916.12890625,0,0,0,31505.130859375,1.4078591e-10
43,12,0,0,1,0,17633.400390625,26854.83984375,0,0,0,28076.8046875,0.0
24,11,1,0,1,1,9796.333984375,10741.9345703125,0,0,0,13299.5390625,2.2065911e-05
24,13,1,0,0,0,17633.400390625,25064.515625,0,0,0,22165.8984375,2.5798696e-37
46,8,0,0,1,1,14498.57421875,10741.9345703125,0,0,0,14186.1748046875,1.6071627e-26
42,12,0,0,1,0,7837.0673828125,16112.9033203125,0,0,0,15516.12890625,0.0
21,12,0,0,1,0,21551.935546875,21483.87109375,0,0,0,12534.0771484375,9.140371e-13
27,13,1,0,0,0,0.0,0.0,1,1,1,14581.8603515625,0.4999168
22,9,1,0,1,1,11708.578125,10419.6767578125,0,0,0,9079.15234375,4.3569255e-09
47,10,0,0,1,1,23236.904296875,17903.2265625,0,0,0,35364.953125,2.1644486e-33
37,12,1,0,1,0,29389.001953125,22379.03125,0,0,0,19210.4453125,0.0
38,8,0,0,1,1,33307.53515625,35448.38671875,0,0,0,33987.7109375,3.7518387e-16
23,14,0,0,0,0,13323.013671875,12174.1943359375,0,0,0,14777.265625,9.930654e-10
27,14,1,0,1,0,18613.03515625,0.0,0,1,0,13299.5390625,0.0
54,2,1,0,1,1,15674.1337890625,16990.16015625,0,0,0,18096.240234375,1.6158273e-07
33,12,0,0,1,0,0.0,0.0,1,1,1,12418.0703125,0.43837652
18,11,1,0,0,1,858.254272460938,214.563598632812,0,0,1,929.883911132812,3.490931e-05
53,12,0,0,1,0,26450.1015625,25064.515625,0,0,0,26007.98828125,1.33457295e-17
46,8,0,0,1,1,0.0,8951.61328125,1,0,0,0.0,0.0
33,11,1,0,1,1,6857.43359375,11637.0966796875,0,0,0,0.0,5.8203885e-24
24,8,1,0,1,1,9008.708984375,13033.5478515625,0,0,0,16254.9921875,2.1236676e-20
49,4,0,0,1,1,19200.814453125,7161.29052734375,0,0,0,2955.453125,0.0
29,13,1,0,0,0,0.0,0.0,1,1,1,7479.65576171875,0.48071834
28,13,0,0,1,0,25470.46875,19693.548828125,0,0,0,26599.078125,1.0462428e-35
52,7,1,0,0,1,293.890014648438,5012.9033203125,0,0,0,0.0,2.7145313e-37
27,12,0,0,1,0,19592.66796875,18082.2578125,0,0,0,32657.7578125,7.418687e-14
55,16,1,0,1,0,13714.8681640625,11995.1611328125,0,0,0,23531.318359375,7.333415e-11
33,13,0,0,1,0,41732.3828125,47264.515625,0,0,0,51073.1875,7.3912304e-29
40,15,0,1,1,0,24001.017578125,23274.193359375,0,0,0,26599.078125,3.9454625e-15
40,2,1,0,1,1,17645.15625,13427.4189453125,0,0,0,8866.359375,9.90461e-28
32,7,0,0,1,1,13714.8681640625,17008.064453125,0,0,0,19613.865234375,5.7887674e-17
23,12,1,0,1,0,16708.626953125,10491.2900390625,0,0,0,7565.9599609375,0.0
27,12,0,0,1,0,30760.48828125,25064.515625,0,0,0,31908.55078125,1.5580898e-26
31,8,0,0,1,1,11167.8212890625,19335.484375,0,0,0,20688.171875,0.0
51,8,0,0,1,1,11986.7939453125,1546.83874511719,0,0,0,0.0,0.0
27,12,0,0,1,0,21551.935546875,21120.435546875,0,0,0,23052.53515625,2.4995246e-13
41,10,1,0,1,1,10090.2236328125,14757.62890625,0,0,0,9752.9951171875,1.6510936e-23
31,12,0,0,1,0,18593.44140625,14814.9189453125,0,0,0,16254.9921875,1.8657698e-20
47,7,0,0,1,1,24784.724609375,23811.2890625,0,0,0,25860.21484375,4.4404532e-16
26,15,0,0,1,0,20572.30078125,18798.38671875,0,0,0,23643.625,8.913311e-15
44,6,0,0,1,1,25470.46875,7619.61279296875,0,0,0,11821.8134765625,0.0
53,8,1,0,1,1,15086.353515625,15649.2099609375,0,0,0,12921.2412109375,2.920342e-08
27,16,0,0,1,0,21551.935546875,23274.193359375,0,0,0,27633.486328125,5.126411e-10
49,5,1,0,1,1,9796.333984375,5370.9677734375,0,0,0,0.0,2.5249704e-34
20,11,1,0,0,1,3637.498046875,1220.83605957031,0,0,1,1085.43994140625,5.17348e-18
43,12,0,0,1,0,11755.6005859375,0.0,0,1,0,295.545318603516,0.0
27,16,0,0,0,0,22531.568359375,30435.484375,0,0,0,42854.0703125,0.0
32,10,0,0,1,1,24686.76171875,27033.87109375,0,0,0,22904.76171875,1.0068263e-12
42,13,0,0,1,0,13701.1533203125,0.0,0,1,0,33987.7109375,0.0
31,6,1,0,0,1,12735.234375,10741.9345703125,0,0,0,5910.90625,8.62686e-11
25,9,0,0,1,1,14263.4619140625,12890.3232421875,0,0,0,16254.9921875,1.1603418e-10
25,11,1,0,0,1,0.0,0.0,1,1,1,9897.048828125,0.50683093
26,16,0,0,1,0,21551.935546875,20588.7109375,0,0,0,28815.66796875,4.3282394e-14
23,14,0,0,1,0,11755.6005859375,11637.0966796875,0,0,0,25121.3515625,2.8265336e-07
39,17,0,0,1,0,23511.201171875,35448.38671875,0,0,0,32509.984375,0.0
24,12,0,0,1,0,17633.400390625,18750.048828125,0,0,0,32509.984375,9.390474e-09
41,9,0,0,1,1,19592.66796875,21483.87109375,0,0,0,20303.962890625,2.7199173e-10
23,12,1,0,0,0,6269.3408203125,3039.9599609375,0,0,1,8484.2392578125,1.2837404e-24
25,16,0,0,1,0,28409.369140625,29540.322265625,0,0,0,32509.984375,8.552055e-15
23,12,0,0,1,0,21551.935546875,21483.87109375,0,0,0,26599.078125,9.059488e-13
39,17,0,0,1,0,24823.91015625,25064.515625,0,0,0,27061.607421875,3.9415384e-14
47,12,0,1,1,0,22531.568359375,25028.7109375,0,0,0,25564.669921875,2.6984068e-13
27,12,0,0,1,0,23511.201171875,15038.7099609375,0,0,0,12738.0029296875,0.0
45,12,0,0,1,0,24686.76171875,15217.7421875,0,0,0,27929.03125,0.0
37,8,0,0,1,1,15674.1337890625,26317.7421875,0,0,0,36943.1640625,0.0
39,15,0,0,1,0,0.0,0.0,1,1,0,1921.04455566406,0.40976703
27,12,0,0,1,0,13597.3115234375,15833.61328125,0,0,0,13246.3408203125,8.671348e-12
43,10,0,0,1,1,5877.80029296875,17903.2265625,0,0,0,20688.171875,0.0
26,12,1,0,1,0,25088.41015625,23274.193359375,0,0,0,29554.53125,1.9590535e-17
40,11,0,0,1,1,20572.30078125,21483.87109375,0,0,0,27485.71484375,8.934299e-11
24,16,1,0,0,0,19494.705078125,15217.7421875,0,0,0,23643.625,1.8079408e-25
27,15,1,0,0,0,11755.6005859375,16744.88671875,0,0,0,18442.02734375,3.6341298e-25
33,10,0,0,1,1,29389.001953125,28645.16015625,0,0,0,36499.84765625,2.801924e-18
23,11,1,0,1,1,15674.1337890625,8414.515625,0,0,0,8866.359375,0.0
27,8,1,0,0,1,0.0,0.0,1,1,1,0.0,0.45938244
48,10,1,0,1,1,10785.763671875,5370.9677734375,0,0,0,14895.484375,0.0
25,9,1,0,1,1,5877.80029296875,6266.12890625,0,0,0,12560.67578125,0.0030210027
17,10,1,0,0,1,1291.46801757812,5793.85205078125,0,0,1,5522.7880859375,9.816466e-23
25,15,0,0,1,0,17633.400390625,16112.9033203125,0,0,0,18619.35546875,1.0029087e-12
37,17,1,0,1,0,12735.234375,1306.935546875,0,0,0,4236.64208984375,0.0
26,17,0,0,1,0,10775.966796875,29182.2578125,0,0,0,35465.4375,0.0
20,15,0,0,1,0,17437.474609375,8056.45166015625,0,0,0,18471.58203125,0.0
21,12,0,0,1,0,14694.5009765625,15217.7421875,0,0,0,23643.625,5.528322e-08
22,12,0,0,1,0,14694.5009765625,16829.03125,0,0,0,21870.353515625,2.3948754e-11
27,15,0,0,1,0,7445.2138671875,10741.9345703125,0,0,0,18471.58203125,9.9657595e-17
27,12,0,0,0,0,25470.46875,21483.87109375,0,0,0,25121.3515625,6.029143e-21
36,14,0,0,1,0,50940.9375,42967.7421875,0,0,0,44331.796875,0.0
39,12,0,0,1,0,21138.529296875,20366.7109375,0,0,0,15049.1669921875,1.2371185e-13
37,11,1,0,1,1,0.0,0.0,1,1,1,9930.0458984375,0.39294562
41,8,0,0,1,1,0.0,0.0,1,1,0,0.0,0.33630475
31,14,0,0,1,0,0.0,0.0,1,1,0,0.0,0.47617477
20,12,0,0,1,0,14694.5009765625,16112.9033203125,0,0,0,26599.078125,7.3801516e-08
29,17,0,0,1,0,24098.982421875,24527.419921875,0,0,0,23643.625,2.0446649e-13
28,15,0,0,1,0,15674.1337890625,13785.484375,0,0,0,15959.447265625,3.5200725e-12
44,7,1,0,1,1,10775.966796875,10741.9345703125,0,0,0,1078.74035644531,1.0177527e-06
52,8,0,0,1,1,19592.66796875,17903.2265625,0,0,0,17289.400390625,3.1842445e-14
52,7,1,0,0,1,25470.46875,17903.2265625,0,0,0,25121.3515625,0.0
19,8,1,0,0,1,2636.35302734375,2937.26391601562,0,0,1,7535.94189453125,0.048205685
30,11,0,0,1,1,24882.6875,26854.83984375,0,0,0,33248.84765625,1.3751353e-11
20,12,0,0,1,0,12931.1611328125,2363.22583007812,0,0,0,14777.265625,0.0
46,12,0,0,1,0,22139.71484375,22622.515625,0,0,0,23643.625,2.6049818e-12
20,12,1,0,0,0,10775.966796875,16372.5,0,0,0,29554.53125,3.9192306e-28
21,14,0,0,0,0,16849.6953125,19693.548828125,0,0,0,35465.4375,6.8704058e-15
26,16,1,0,1,0,27429.734375,25064.515625,0,0,0,32509.984375,1.4897198e-19
42,16,0,0,1,0,54859.46875,53709.67578125,0,0,0,53641.4765625,2.8566199e-33
31,15,1,0,0,0,26450.1015625,26854.83984375,0,0,0,25860.21484375,8.0958105e-15
38,9,0,0,0,1,0.0,0.0,1,1,1,6408.9501953125,0.37156606
23,12,0,0,1,0,24098.982421875,26854.83984375,0,0,0,17437.173828125,1.0305678e-14
28,12,0,0,1,0,28605.294921875,20588.7109375,0,0,0,34135.484375,0.0
44,17,0,0,1,0,51920.5703125,56753.2265625,0,0,0,53198.15625,9.4289795e-26
52,4,1,0,1,1,5877.80029296875,11637.0966796875,0,0,0,22165.8984375,1.105516e-28
30,9,0,0,1,1,15478.2080078125,7877.41943359375,0,0,0,8866.359375,0.0
46,12,0,0,1,0,0.0,0.0,1,1,0,0.0,0.32143965
47,10,1,0,1,1,29389.001953125,26854.83984375,0,0,0,0.0,4.9805583e-21
25,8,0,0,1,1,21551.935546875,25959.677734375,0,0,0,25121.3515625,1.05809806e-22
35,9,1,0,0,1,1567.41345214844,5370.9677734375,0,0,0,5910.90625,5.062239e-19
26,10,1,0,0,1,25929.6796875,6788.9580078125,0,0,1,672.877319335938,0.0
48,16,0,0,1,0,54859.46875,53709.67578125,0,0,0,73886.328125,2.781477e-33
44,17,0,0,1,0,25470.46875,30435.484375,0,0,0,21427.03515625,1.887578e-25
26,10,1,0,1,1,8816.7001953125,0.0,0,1,0,7388.6328125,0.0
53,17,0,0,1,0,15478.2080078125,16399.35546875,0,0,0,15663.90234375,7.8544524e-08
49,8,0,0,1,1,27482.634765625,25064.515625,0,0,0,27337.94140625,8.5867164e-20
27,12,1,0,1,0,16011.1279296875,16112.9033203125,0,0,0,20460.6015625,2.1849909e-09
21,13,0,0,1,0,8816.7001953125,17903.2265625,0,0,0,28224.578125,0.0
37,17,1,0,1,0,23511.201171875,19693.548828125,0,0,0,76841.78125,1.5070675e-19
30,6,1,0,1,1,5681.87353515625,0.0,0,1,0,0.0,0.0
39,16,0,0,0,0,30564.5625,28645.16015625,0,0,0,33987.7109375,1.1279315e-20
46,12,0,0,1,0,15674.1337890625,734.032287597656,0,0,0,20688.171875,0.0
26,12,0,0,1,0,15674.1337890625,16470.96875,0,0,0,35022.12109375,3.919808e-08
36,14,0,0,1,0,21160.080078125,23460.38671875,0,0,0,0.0,2.4801973e-12
43,12,0,0,1,0,19592.66796875,21739.88671875,0,0,0,29338.783203125,1.621938e-11
37,11,0,0,1,1,31250.3046875,26854.83984375,0,0,0,36943.1640625,7.155838e-25
22,12,0,0,1,0,24490.8359375,26854.83984375,0,0,0,25121.3515625,8.097734e-13
18,10,1,0,0,1,0.0,798.907897949219,1,0,1,9737.154296875,2.270406e-07
37,17,0,0,1,0,50940.9375,44758.06640625,0,0,0,50242.703125,1.1424582e-38
47,12,0,0,1,0,32915.68359375,27750.0,0,0,0,18914.900390625,5.469931e-27
41,8,0,0,1,1,0.0,0.0,1,1,0,0.0,0.33630475
49,5,0,1,1,1,22041.751953125,23274.193359375,0,0,0,20392.626953125,3.542341e-11
42,17,0,0,1,0,23511.201171875,22379.03125,0,0,0,0.0,1.7788478e-15
30,12,0,0,0,0,16457.841796875,14680.64453125,0,0,0,15146.697265625,1.7078936e-12
17,8,1,0,0,1,0.0,0.0,1,1,1,8061.48486328125,0.55510837
21,12,1,0,0,0,8816.7001953125,14859.6767578125,0,0,0,5578.41796875,3.0735265e-30
28,10,1,0,1,1,11755.6005859375,15217.7421875,0,0,0,10639.630859375,9.967161e-18
26,12,0,0,1,0,29389.001953125,28645.16015625,0,0,0,33987.7109375,3.0664836e-18
48,8,0,0,1,1,11755.6005859375,8844.193359375,0,0,0,3073.67138671875,8.372333e-20
31,16,0,0,1,0,19592.66796875,17903.2265625,0,0,0,17732.71875,4.3089647e-14
23,16,0,0,1,0,10384.1142578125,26854.83984375,0,0,0,11821.8134765625,0.0
23,11,1,0,1,1,17116.154296875,10741.9345703125,0,0,0,8866.359375,0.0
34,12,0,0,1,0,0.0,0.0,1,1,0,0.0,0.42894185
25,12,0,0,0,0,0.0,0.0,1,1,1,5587.5029296875,0.51520884
29,9,0,0,1,1,14890.427734375,19693.548828125,0,0,0,25860.21484375,2.2470263e-24
46,8,1,0,1,1,0.0,0.0,1,1,1,3094.15600585938,0.2902821
22,14,0,0,1,0,22682.431640625,24706.451171875,0,0,0,20688.171875,4.3955176e-11
45,17,0,0,1,0,0.0,16112.9033203125,1,0,0,17732.71875,0.0
39,12,0,0,1,0,0.0,0.0,1,1,0,0.0,0.38266534
22,11,1,0,0,1,2351.1201171875,0.0,0,1,0,879.247314453125,8.497989e-19
24,17,0,0,0,0,9796.333984375,16112.9033203125,0,0,0,36943.1640625,1.463982e-31
32,16,0,0,1,0,577.983703613281,6910.64501953125,0,0,0,18609.01171875,0.0
29,16,0,0,1,0,13323.013671875,5370.9677734375,0,0,0,17732.71875,0.0
30,12,1,0,0,0,0.0,0.0,1,1,1,24909.44921875,0.46173614
33,9,0,0,1,1,12735.234375,6266.12890625,0,0,0,8866.359375,0.0
24,13,1,0,1,0,18881.453125,16112.9033203125,0,0,0,12560.67578125,2.3675475e-15
20,12,1,0,0,0,3730.44409179688,8951.61328125,0,0,0,13299.5390625,4.760399e-26
31,16,0,0,1,0,19592.66796875,17903.2265625,0,0,0,17732.71875,4.3089647e-14
53,16,0,0,1,0,31348.26953125,32225.806640625,0,0,0,32509.984375,6.741884e-17
47,12,0,0,1,0,32915.68359375,27750.0,0,0,0,18914.900390625,5.469931e-27
35,10,0,0,1,1,15921.001953125,16148.7099609375,0,0,0,16606.69140625,3.5211392e-09
24,12,0,0,1,0,19706.3046875,6624.193359375,0,0,0,25121.3515625,0.0
30,17,0,0,1,0,25470.46875,31330.64453125,0,0,0,38420.890625,7.2672326e-30
49,12,0,0,1,0,33307.53515625,28645.16015625,0,0,0,32580.916015625,1.888002e-26
55,16,0,0,1,0,48981.671875,46548.38671875,0,0,0,47878.33984375,6.4920214e-32
19,10,0,0,0,1,5094.09375,4296.7744140625,0,0,0,14777.265625,0.00014183173
48,12,0,0,1,0,42124.234375,42967.7421875,0,0,0,36943.1640625,4.359821e-23
30,10,1,0,0,1,13714.8681640625,14322.5810546875,0,0,0,2364.36254882812,2.3637122e-07
26,14,0,0,0,0,0.0,0.0,1,1,0,0.0,0.52447695
46,8,0,0,1,1,0.0,8951.61328125,1,0,0,0.0,0.0
26,13,0,0,1,0,19200.814453125,14680.64453125,0,0,0,18471.58203125,3.8972826e-29
28,10,1,0,1,1,11755.6005859375,15217.7421875,0,0,0,10639.630859375,9.967161e-18
27,16,0,0,0,0,7837.0673828125,0.0,0,1,0,0.0,0.0
29,4,1,0,0,1,0.0,0.0,1,1,1,762.914611816406,0.40353495
34,10,1,0,1,1,12343.380859375,11637.0966796875,0,0,0,9900.767578125,1.4173987e-08
23,12,0,0,1,0,16065.98828125,4833.87109375,0,0,0,25564.669921875,0.0
36,17,0,0,1,0,29389.001953125,34911.2890625,0,0,0,32509.984375,2.4527416e-28
36,12,0,0,1,0,33307.53515625,33120.96875,0,0,0,33987.7109375,1.2400536e-19
28,16,0,0,1,0,37226.0703125,34016.12890625,0,0,0,35465.4375,2.2108204e-26
48,11,0,0,0,1,0.0,0.0,1,1,0,0.0,0.3027751
26,12,1,0,1,0,15674.1337890625,15217.7421875,0,0,0,15516.12890625,4.8437854e-10
26,13,0,0,1,0,22531.568359375,22379.03125,0,0,0,37238.7109375,1.9015525e-13
51,12,0,0,1,0,25862.322265625,20588.7109375,0,0,0,24825.806640625,1.6859101e-28
31,11,0,0,1,1,13714.8681640625,13785.484375,0,0,0,20688.171875,3.7713402e-08
22,12,0,0,1,0,15282.28125,19693.548828125,0,0,0,21870.353515625,1.761736e-22
24,9,1,0,0,1,5877.80029296875,5370.9677734375,0,0,0,13299.5390625,0.00013243085
26,14,0,0,1,0,5877.80029296875,13427.4189453125,0,0,0,31032.2578125,1.9438252e-37
32,17,0,0,1,0,0.0,46548.38671875,1,0,0,39898.6171875,0.0
38,11,0,0,1,1,0.0,0.0,1,1,0,0.0,0.38906723
49,6,0,0,1,1,25274.54296875,21841.935546875,0,0,0,29111.21484375,4.2002807e-20
37,17,0,0,1,0,48981.671875,46548.38671875,0,0,0,49503.83984375,7.210286e-32
30,14,0,0,1,0,16653.767578125,17545.16015625,0,0,0,0.0,1.5698872e-08
26,16,0,0,1,0,18221.181640625,22379.03125,0,0,0,18471.58203125,2.579507e-21
23,11,1,0,0,1,0.0,0.0,1,1,1,0.0,0.5260159
22,9,1,0,0,1,0.0,0.0,1,1,1,4056.49389648438,0.51675016
43,12,0,0,1,0,17633.400390625,26854.83984375,0,0,0,28076.8046875,0.0
28,16,0,0,1,0,17633.400390625,16112.9033203125,0,0,0,22165.8984375,1.0147036e-12
55,12,0,0,1,0,16653.767578125,17545.16015625,0,0,0,16254.9921875,1.33633655e-08
30,12,1,0,1,0,43103.87109375,21483.87109375,0,0,0,26599.078125,0.0
35,14,0,0,1,0,23511.201171875,22379.03125,0,0,0,22165.8984375,1.7023556e-15
18,11,0,0,0,1,3678.23095703125,919.557922363281,0,0,1,4321.705078125,3.221315e-20
32,14,0,0,1,0,30368.634765625,24169.35546875,0,0,0,22165.8984375,1.4664176e-33
29,11,1,0,1,1,0.0,0.0,1,1,1,9642.9990234375,0.46813878
25,17,0,0,0,0,4996.13037109375,17414.46875,0,0,0,5030.18115234375,0.0
21,10,0,0,1,1,13714.8681640625,14080.88671875,0,0,0,7249.7265625,1.07949816e-07
31,15,1,0,0,0,26450.1015625,26854.83984375,0,0,0,25860.21484375,8.0958105e-15
43,17,0,0,0,0,21551.935546875,25959.677734375,0,0,0,36943.1640625,1.3264235e-22
48,9,0,0,1,1,29389.001953125,32225.806640625,0,0,0,31032.2578125,3.0981052e-15
21,12,0,0,1,0,7523.58447265625,7934.70947265625,0,0,0,0.0,0.00043062112
28,12,0,0,1,0,23511.201171875,18798.38671875,0,0,0,36943.1640625,5.842965e-25
24,13,0,0,1,0,23903.0546875,1790.32263183594,0,0,0,449.228881835938,0.0
34,16,0,0,1,0,25862.322265625,0.0,0,1,0,0.0,0.0
52,12,0,0,1,0,33895.31640625,47622.58203125,0,0,0,39011.98046875,0.0
43,12,0,0,1,0,0.0,0.0,1,1,0,0.0,0.34707642
55,12,0,0,1,0,23511.201171875,26854.83984375,0,0,0,26599.078125,1.8583498e-17
37,12,0,0,1,0,22441.44140625,16385.03125,0,0,0,23269.759765625,0.0
55,12,0,0,1,0,35266.80078125,32225.806640625,0,0,0,25860.21484375,4.123101e-25
28,16,0,0,1,0,52900.203125,59080.64453125,0,0,0,36943.1640625,2.0135294e-32
22,12,1,0,0,0,5891.51513671875,10367.7578125,0,0,0,5763.1337890625,1.7480395e-22
31,11,1,0,1,1,16453.923828125,19693.548828125,0,0,0,14777.265625,8.537118e-17
34,14,1,0,1,0,0.0,0.0,1,1,0,0.0,0.44207373
27,16,0,0,1,0,20572.30078125,18619.35546875,0,0,0,88663.59375,4.8672406e-15
28,12,0,0,1,0,28017.515625,29540.322265625,0,0,0,32509.984375,5.0053555e-14
43,12,0,0,1,0,27429.734375,28645.16015625,0,0,0,25121.3515625,3.443436e-14
33,12,0,0,1,0,28017.515625,25422.580078125,0,0,0,22756.98828125,2.759239e-20
47,17,0,0,1,0,37343.625,28906.548828125,0,0,0,35732.90625,0.0
23,12,0,0,0,0,18613.03515625,23274.193359375,0,0,0,32953.3046875,7.942125e-24
35,12,0,0,1,0,0.0,26138.7109375,1,0,0,29554.53125,0.0
49,5,0,0,1,1,7837.0673828125,8056.45166015625,0,0,0,11821.8134765625,0.00010756926
23,14,0,0,1,0,22531.568359375,33658.06640625,0,0,0,26599.078125,0.0
21,9,0,0,1,1,15674.1337890625,19693.548828125,0,0,0,1773.27185058594,1.326354e-20
37,8,0,0,1,1,10971.8935546875,13427.4189453125,0,0,0,14777.265625,9.349706e-13
25,12,0,0,1,0,27429.734375,21483.87109375,0,0,0,28520.123046875,6.902464e-35
26,17,0,0,0,0,24490.8359375,26854.83984375,0,0,0,29702.3046875,8.6558435e-13
44,14,0,0,1,0,39185.3359375,35806.453125,0,0,0,35465.4375,8.429728e-28
25,14,1,0,1,0,20768.228515625,23274.193359375,0,0,0,26303.533203125,2.2735001e-13
40,12,0,0,1,0,45063.13671875,48338.7109375,0,0,0,44331.796875,4.797729e-21
54,16,0,0,1,0,24686.76171875,26854.83984375,0,0,0,26451.306640625,9.603801e-12
46,12,0,0,1,0,0.0,0.0,1,1,0,0.0,0.32143965
18,9,0,0,1,1,17633.400390625,16112.9033203125,0,0,0,17584.9453125,8.8234335e-13
22,12,0,0,0,0,9992.2607421875,15754.8388671875,0,0,0,19949.30859375,6.755926e-29
53,17,0,0,1,0,0.0,0.0,1,1,0,0.0,0.30423608
21,12,1,0,1,0,27037.8828125,16560.484375,0,0,0,20688.171875,0.0
33,17,0,0,1,0,43566.2578125,42967.7421875,0,0,0,40785.25390625,5.217835e-26
24,10,1,0,0,1,4250.40185546875,2421.94702148438,0,0,1,1660.50805664062,1.3360573e-14
27,8,1,0,0,1,0.0,0.0,1,1,1,0.0,0.45938244
53,7,1,0,1,1,10583.958984375,17525.46875,0,0,0,15926.9365234375,1.3299366e-34
45,12,0,0,1,0,35756.6171875,31509.677734375,0,0,0,27377.83984375,3.364301e-27
49,10,1,0,1,1,10775.966796875,0.0,0,1,0,5319.81591796875,0.0
43,17,0,0,0,0,21551.935546875,25959.677734375,0,0,0,36943.1640625,1.3264235e-22
47,16,0,0,1,0,48981.671875,62741.85546875,0,0,0,65019.96875,0.0
40,12,0,0,1,0,20572.30078125,24772.693359375,0,0,0,32586.826171875,1.3934095e-21
22,12,0,0,1,0,14694.5009765625,16829.03125,0,0,0,21870.353515625,2.3948754e-11
27,17,0,0,1,0,24098.982421875,22200.0,0,0,0,25860.21484375,6.05936e-17
17,10,1,0,0,1,0.0,0.0,1,1,1,0.0,0.57319844
28,16,0,0,1,0,26450.1015625,26854.83984375,0,0,0,29554.53125,8.589458e-15
37,11,0,0,1,1,13714.8681640625,9259.548828125,0,0,0,0.0,1.6633722e-36
36,12,0,0,1,0,21551.935546875,21483.87109375,0,0,0,23643.625,8.551346e-13
48,9,0,0,1,1,29389.001953125,32225.806640625,0,0,0,31032.2578125,3.0981052e-15
28,17,0,0,1,0,28213.44140625,25422.580078125,0,0,0,26451.306640625,1.24860175e-20
27,10,0,1,0,1,0.0,0.0,1,1,1,11142.8701171875,0.4875342
51,8,0,0,1,1,23511.201171875,26407.2578125,0,0,0,22165.8984375,2.611694e-15
33,12,0,0,1,0,19592.66796875,17008.064453125,0,0,0,25014.955078125,1.6927329e-15
24,17,0,0,0,0,27821.58984375,27570.96875,0,0,0,32509.984375,1.5075758e-16
28,7,1,0,1,1,5877.80029296875,8142.38720703125,0,0,0,1477.7265625,1.0924042e-11
42,13,0,0,1,0,0.0,0.0,1,1,0,0.0,0.36453718
22,11,1,0,0,1,2351.1201171875,0.0,0,1,0,879.247314453125,8.497989e-19
43,10,0,0,1,1,15674.1337890625,17903.2265625,0,0,0,19709.91796875,8.659646e-12
27,15,0,0,1,0,3722.60693359375,4654.8388671875,0,0,0,19210.4453125,4.70335e-05
28,13,0,0,1,0,15282.28125,14322.5810546875,0,0,0,14038.40234375,1.4339847e-10
31,6,1,0,0,1,12735.234375,10741.9345703125,0,0,0,5910.90625,8.62686e-11
28,14,1,0,1,0,17633.400390625,12532.2578125,0,0,0,16254.9921875,4.541646e-39
23,16,0,0,0,0,13714.8681640625,25601.61328125,0,0,0,31623.349609375,0.0
23,13,0,0,1,0,9698.37109375,8593.548828125,0,0,0,23643.625,1.2848389e-07
38,8,0,0,1,1,33307.53515625,35448.38671875,0,0,0,33987.7109375,3.7518387e-16
50,5,1,0,1,1,9404.48046875,10136.8056640625,0,0,0,9266.8232421875,8.20678e-05
48,11,0,0,0,1,0.0,0.0,1,1,0,0.0,0.3027751
43,8,1,0,1,1,11755.6005859375,12532.2578125,0,0,0,12930.1083984375,4.963975e-06
26,12,0,0,0,0,6269.65380859375,11637.0966796875,0,0,0,10344.0859375,8.027797e-27
55,16,0,0,1,0,48981.671875,46548.38671875,0,0,0,47878.33984375,6.4920214e-32
21,12,0,0,1,0,18417.107421875,19693.548828125,0,0,0,28224.578125,5.984589e-09
55,12,0,0,1,0,23511.201171875,20588.7109375,0,0,0,22165.8984375,2.8431178e-18
47,10,0,0,1,1,17633.400390625,19693.548828125,0,0,0,30884.484375,5.068559e-11
29,17,0,0,1,0,16653.767578125,16112.9033203125,0,0,0,17732.71875,1.13980596e-10
43,14,0,0,1,0,2645.01025390625,0.0,0,1,0,6992.60205078125,3.543012e-21
52,12,0,0,1,0,20572.30078125,18977.419921875,0,0,0,20688.171875,1.3772174e-14
28,16,0,0,1,0,97963.34375,89516.1328125,0,0,0,70930.875,0.0
26,17,0,0,1,0,27843.140625,28645.16015625,0,0,0,49651.61328125,5.7883763e-15
34,12,0,0,1,0,24486.916015625,22200.0,0,0,0,22904.76171875,8.056764e-18
42,5,1,0,1,1,7837.0673828125,7161.29052734375,0,0,0,14777.265625,4.7924927e-06
25,12,0,0,1,0,19641.650390625,8736.7744140625,0,0,0,23643.625,0.0
45,15,0,0,1,0,53879.8359375,51919.35546875,0,0,0,45809.5234375,5.805613e-34
28,9,1,0,1,1,11755.6005859375,7161.29052734375,0,0,0,11821.8134765625,2.5869962e-36
46,10,0,1,1,1,17633.400390625,10741.9345703125,0,0,0,5910.90625,0.0
49,5,0,1,1,1,22041.751953125,23274.193359375,0,0,0,20392.626953125,3.542341e-11
34,12,0,0,1,0,0.0,0.0,1,1,0,0.0,0.42894185
54,0,0,1,1,1,49228.5390625,44220.96875,0,0,0,20540.3984375,4.131927e-36
24,16,0,0,0,0,22923.421875,22379.03125,0,0,0,26451.306640625,3.1337773e-14
26,16,0,0,1,0,24686.76171875,25422.580078125,0,0,0,29554.53125,2.7483972e-13
35,16,0,0,1,0,0.0,0.0,1,1,0,0.0,0.45673606
48,4,1,0,0,1,0.0,0.0,1,1,1,6551.591796875,0.2458881
52,15,0,0,1,0,0.0,0.0,1,1,0,0.0,0.29643372
40,11,0,0,1,1,8072.17919921875,0.0,0,1,0,1477.7265625,0.0
36,7,1,0,1,1,14694.5009765625,15754.8388671875,0,0,0,19210.4453125,2.9125883e-07
36,17,0,1,1,0,37226.0703125,33300.0,0,0,0,39603.0703125,1.9025112e-27
47,12,0,0,1,0,32915.68359375,27750.0,0,0,0,18914.900390625,5.469931e-27
46,12,0,0,0,0,23918.728515625,12532.2578125,0,0,0,0.0,0.0
22,11,0,0,1,1,6802.57421875,1790.32263183594,0,0,0,7388.6328125,2.5286305e-36
26,12,0,0,0,0,6269.65380859375,11637.0966796875,0,0,0,10344.0859375,8.027797e-27
22,15,0,0,1,0,2547.046875,17187.09765625,0,0,0,25860.21484375,0.0
39,17,0,0,1,0,24823.91015625,25064.515625,0,0,0,27061.607421875,3.9415384e-14
55,8,1,0,1,1,17241.548828125,17903.2265625,0,0,0,16254.9921875,2.4591265e-09
25,12,0,0,0,0,0.0,0.0,1,1,1,5587.5029296875,0.51520884
49,5,1,0,0,1,6583.13671875,5729.0322265625,0,0,0,12560.67578125,1.2700856e-05
33,6,1,0,1,1,11739.9267578125,5958.193359375,0,0,0,9788.4609375,0.0
46,12,0,0,1,0,22139.71484375,22622.515625,0,0,0,23643.625,2.6049818e-12
23,15,0,0,1,0,16653.767578125,13427.4189453125,0,0,0,16993.85546875,2.7574766e-16
48,8,0,0,1,1,11755.6005859375,8844.193359375,0,0,0,3073.67138671875,8.372333e-20
22,12,0,0,1,0,12539.3076171875,12532.2578125,0,0,0,14369.4130859375,1.4344354e-07
22,12,0,0,1,0,17633.400390625,19693.548828125,0,0,0,23643.625,4.335633e-11
29,10,0,1,0,1,0.0,8853.673828125,1,0,1,5112.01416015625,0.0
47,14,0,0,1,0,0.0,0.0,1,1,0,0.0,0.32959184
42,12,0,0,1,0,44475.35546875,47232.2890625,0,0,0,70930.875,1.671412e-21
47,12,0,0,1,0,13714.8681640625,0.0,0,1,0,12560.67578125,0.0
26,16,1,0,1,0,27429.734375,25064.515625,0,0,0,32509.984375,1.4897198e-19
33,12,0,0,1,0,20503.7265625,21483.87109375,0,0,0,20688.171875,1.3252177e-10
30,12,0,0,1,0,13714.8681640625,12532.2578125,0,0,0,2563.85571289062,4.913218e-10
24,12,0,0,1,0,29780.85546875,30883.064453125,0,0,0,32509.984375,1.1750292e-15
34,8,1,0,1,1,10580.041015625,12532.2578125,0,0,0,19210.4453125,2.6259364e-10
37,17,0,0,1,0,82289.203125,85040.3203125,0,0,0,110829.4921875,0.0
44,11,1,0,1,1,24294.908203125,35806.453125,0,0,0,29554.53125,0.0
49,8,0,0,1,1,25862.322265625,22916.12890625,0,0,0,16254.9921875,1.1226393e-19
28,17,0,0,1,0,13714.8681640625,13427.4189453125,0,0,0,6827.0966796875,1.2823559e-08
36,10,1,0,1,1,18417.107421875,16112.9033203125,0,0,0,22165.8984375,1.9156617e-14
25,10,1,0,1,1,4702.240234375,4282.45166015625,0,0,0,4947.4287109375,0.0008539749
22,12,1,0,0,0,6583.13671875,4475.806640625,0,0,0,0.0,2.0360523e-17
30,12,0,0,1,0,13714.8681640625,12532.2578125,0,0,0,2563.85571289062,4.913218e-10
25,12,0,0,1,0,28017.515625,31062.09765625,0,0,0,28076.8046875,2.9511046e-16
22,12,0,0,0,0,15674.1337890625,11637.0966796875,0,0,0,20688.171875,2.339351e-28
23,12,0,0,1,0,7837.0673828125,8951.61328125,0,0,0,12058.2490234375,4.04094e-06
24,14,1,0,1,0,21869.3359375,26353.548828125,0,0,0,18767.126953125,4.555895e-23
54,12,0,0,1,0,12735.234375,17894.2734375,0,0,0,19343.44140625,6.1842424e-26
35,16,0,0,1,0,24882.6875,24527.419921875,0,0,0,36943.1640625,4.5178734e-15
43,11,0,0,1,1,9796.333984375,21483.87109375,0,0,0,22165.8984375,0.0
18,10,1,0,0,1,0.0,0.0,1,1,1,11163.169921875,0.56425875
24,12,1,0,1,0,5877.80029296875,8951.61328125,0,0,0,17732.71875,1.2728381e-15
24,16,0,0,1,0,14067.5361328125,24706.451171875,0,0,0,37829.80078125,0.0
23,12,1,0,1,0,9796.333984375,12532.2578125,0,0,0,11821.8134765625,4.077001e-14
28,12,0,0,1,0,29389.001953125,41177.41796875,0,0,0,47287.25,0.0
28,17,0,0,1,0,28017.515625,31151.61328125,0,0,0,31032.2578125,1.1724183e-16
30,16,0,0,1,0,24490.8359375,26854.83984375,0,0,0,38420.890625,9.022241e-13
26,16,0,0,1,0,32327.90234375,27750.0,0,0,0,32509.984375,1.114027e-25
35,10,1,0,1,1,3918.53369140625,3795.48388671875,0,0,0,7802.396484375,0.0063678683
30,17,0,0,1,0,4310.38720703125,4296.7744140625,0,0,0,22476.220703125,0.006977192
20,11,0,0,1,1,1567.41345214844,3222.58056640625,0,0,0,2955.453125,1.4949656e-08
25,12,1,0,0,0,0.0,0.0,1,1,1,0.0,0.5096803
23,16,0,0,1,0,16457.841796875,21483.87109375,0,0,0,18471.58203125,1.688661e-25
44,14,0,0,1,0,39185.3359375,35806.453125,0,0,0,35465.4375,8.429728e-28
22,13,0,0,0,0,783.706726074219,0.0,0,1,0,2305.25341796875,9.988655e-07
48,8,0,0,1,1,11755.6005859375,8844.193359375,0,0,0,3073.67138671875,8.372333e-20
55,16,1,0,1,0,13714.8681640625,11995.1611328125,0,0,0,23531.318359375,7.333415e-11
22,11,0,0,1,1,17633.400390625,0.0,0,1,0,13299.5390625,0.0
27,12,1,0,0,0,10623.14453125,3222.58056640625,0,0,0,8866.359375,0.0
48,14,0,0,1,0,56818.73828125,57290.32421875,0,0,0,57631.3359375,5.93455e-32
23,12,0,0,1,0,17633.400390625,0.0,0,1,0,23643.625,0.0
23,12,0,0,1,0,19096.974609375,20683.59765625,0,0,0,16993.85546875,7.2245774e-09
53,8,0,0,1,1,0.0,0.0,1,1,0,0.0,0.24217369
49,10,0,0,1,1,14694.5009765625,14322.5810546875,0,0,0,8423.041015625,2.0157203e-09
51,4,1,0,1,1,0.0,0.0,1,1,0,0.0,0.22071809
52,9,0,0,1,1,24627.984375,25064.515625,0,0,0,19210.4453125,7.727409e-14
35,13,0,0,1,0,19788.595703125,21269.03125,0,0,0,14777.265625,1.9661288e-09
42,6,0,0,1,1,23511.201171875,17903.2265625,0,0,0,23643.625,1.3255289e-36
26,12,0,0,1,0,22727.494140625,21483.87109375,0,0,0,26599.078125,3.172809e-15
31,9,1,0,0,1,10717.0302734375,5517.8408203125,0,0,1,9558.5009765625,0.0
22,12,0,0,1,0,27233.80859375,14322.5810546875,0,0,0,32509.984375,0.0
27,16,0,0,1,0,33307.53515625,30435.484375,0,0,0,0.0,1.1990593e-23
53,13,0,0,1,0,1567.41345214844,3938.70971679688,0,0,0,4728.72509765625,6.3055624e-12
25,9,1,0,1,1,5877.80029296875,6266.12890625,0,0,0,12560.67578125,0.0030210027
35,12,0,0,1,0,29422.310546875,28645.16015625,0,0,0,29554.53125,2.5111683e-18
43,14,0,0,1,0,32327.90234375,31420.16015625,0,0,0,31032.2578125,3.6486827e-20
41,10,1,0,1,1,18025.255859375,17366.12890625,0,0,0,21427.03515625,9.797927e-12
29,17,0,0,1,0,13127.087890625,19693.548828125,0,0,0,0.0,7.129244e-33
37,10,0,0,1,1,29369.408203125,27750.0,0,0,0,39898.6171875,1.3246305e-19
20,12,0,0,1,0,20376.375,18655.16015625,0,0,0,16993.85546875,1.3181967e-14
46,11,0,0,1,1,26841.955078125,29361.2890625,0,0,0,36943.1640625,1.367194e-13
34,12,1,0,1,0,21551.935546875,17903.2265625,0,0,0,25121.3515625,3.1319066e-18
27,12,0,0,1,0,13597.3115234375,15833.61328125,0,0,0,13246.3408203125,8.671348e-12
19,11,0,0,0,1,4114.46044921875,4654.8388671875,0,0,0,8570.814453125,0.0032323755
29,16,1,0,1,0,28409.369140625,32225.806640625,0,0,0,29554.53125,5.132451e-20
43,12,0,0,1,0,30564.5625,23811.2890625,0,0,0,31032.2578125,0.0
39,9,0,0,1,1,21551.935546875,19693.548828125,0,0,0,20688.171875,1.4884731e-15
32,12,0,0,1,0,23903.0546875,24812.080078125,0,0,0,12412.9033203125,1.2326298e-12
19,10,1,0,0,1,0.0,0.0,1,1,1,3228.5029296875,0.55479115
52,17,0,0,1,0,46042.76953125,59080.64453125,0,0,0,70930.875,0.0
39,12,1,0,1,0,13714.8681640625,17008.064453125,0,0,0,14629.4931640625,6.338248e-17
35,14,0,0,1,0,18613.03515625,19693.548828125,0,0,0,22424.501953125,2.3089726e-09
24,12,0,0,1,0,19706.3046875,6624.193359375,0,0,0,25121.3515625,0.0
27,13,1,0,1,0,6857.43359375,4096.25830078125,0,0,0,24514.005859375,5.884153e-22
44,17,0,0,1,0,24686.76171875,23274.193359375,0,0,0,23348.080078125,1.428466e-16
19,9,1,0,0,1,0.0,798.907897949219,1,0,1,17685.1796875,2.2023167e-07
43,16,0,0,1,0,28801.22265625,27929.03125,0,0,0,26953.732421875,4.3194557e-18
35,16,0,0,0,0,24490.8359375,21841.935546875,0,0,0,24825.806640625,2.473274e-18
25,12,1,0,0,0,8816.7001953125,6266.12890625,0,0,0,10344.0859375,1.08302654e-19
45,9,0,0,1,1,0.0,0.0,1,1,0,0.0,0.31094694
17,8,1,0,0,1,0.0,0.0,1,1,1,8061.48486328125,0.55510837
19,10,0,0,0,1,5094.09375,4296.7744140625,0,0,0,14777.265625,0.00014183173
48,17,0,0,1,0,42294.69140625,41177.41796875,0,0,0,41376.34375,4.184084e-26
35,12,0,0,1,0,10188.1865234375,9309.677734375,0,0,0,11821.8134765625,1.3830713e-07
20,12,0,0,1,0,9796.333984375,10204.8388671875,0,0,0,29258.986328125,2.2124486e-05
29,14,0,0,0,0,37226.0703125,27284.515625,0,0,0,36943.1640625,0.0
26,12,0,0,1,0,23315.275390625,26767.11328125,0,0,0,27633.486328125,4.5076926e-18
47,17,0,0,1,0,52900.203125,49233.87109375,0,0,0,54675.8828125,5.5952652e-36
27,16,0,0,1,0,24098.982421875,7161.29052734375,0,0,0,36204.30078125,0.0
55,7,1,0,1,1,32504.236328125,26854.83984375,0,0,0,31918.89453125,1.4357622e-27
22,10,1,0,1,1,21551.935546875,25064.515625,0,0,0,31032.2578125,2.4100712e-18
48,12,0,0,1,0,42124.234375,42967.7421875,0,0,0,36943.1640625,4.359821e-23
53,9,1,0,1,1,14945.287109375,13697.7578125,0,0,0,14186.1748046875,6.438572e-11
47,14,0,0,1,0,31348.26953125,34016.12890625,0,0,0,25150.90625,1.867627e-14
29,16,1,0,1,0,28409.369140625,32225.806640625,0,0,0,29554.53125,5.132451e-20
21,9,1,0,0,1,0.0,0.0,1,1,1,0.0,0.5263361
22,12,0,1,1,0,17633.400390625,17903.2265625,0,0,0,14777.265625,5.2188726e-10
40,17,0,1,1,0,39185.3359375,41177.41796875,0,0,0,33987.7109375,1.3903418e-19
51,12,0,0,1,0,35266.80078125,44758.06640625,0,0,0,0.0,0.0
26,11,1,0,1,1,0.0,2754.64599609375,1,0,1,26372.279296875,2.1904906e-24
48,16,0,0,1,0,68574.3359375,59080.64453125,0,0,0,62064.515625,0.0
26,17,0,0,1,0,29389.001953125,32225.806640625,0,0,0,35465.4375,2.9139555e-15
37,17,0,0,1,0,50940.9375,44758.06640625,0,0,0,50242.703125,1.1424582e-38
25,12,0,0,0,0,23511.201171875,26854.83984375,0,0,0,18176.037109375,1.45049e-17
42,5,1,0,1,1,7837.0673828125,7161.29052734375,0,0,0,14777.265625,4.7924927e-06
27,16,0,0,1,0,19592.66796875,12532.2578125,0,0,0,17720.896484375,0.0
47,17,0,0,0,0,31348.26953125,29540.322265625,0,0,0,29258.986328125,5.927886e-21
29,12,1,0,0,0,29193.07421875,15396.7744140625,0,0,0,31032.2578125,0.0
25,15,0,0,1,0,17633.400390625,16112.9033203125,0,0,0,18619.35546875,1.0029087e-12
21,12,0,0,1,0,13714.8681640625,3222.58056640625,0,0,0,14038.40234375,0.0
38,9,0,0,1,1,29976.78125,25064.515625,0,0,0,47287.25,5.8624336e-25
29,12,1,0,1,0,9796.333984375,12532.2578125,0,0,0,19210.4453125,4.263933e-14
32,16,0,0,1,0,24980.65234375,25064.515625,0,0,0,26599.078125,1.8691806e-14
21,12,0,0,0,0,0.0,0.0,1,1,1,8048.60302734375,0.553425
38,11,0,0,1,1,20572.30078125,21483.87109375,0,0,0,19210.4453125,9.013994e-11
48,14,0,0,1,0,56818.73828125,57290.32421875,0,0,0,57631.3359375,5.93455e-32
28,16,0,0,1,0,0.0,8951.61328125,1,0,0,36943.1640625,0.0
25,7,1,0,1,1,7131.73095703125,10741.9345703125,0,0,0,8866.359375,2.6065243e-18
48,9,0,0,1,1,29389.001953125,32225.806640625,0,0,0,31032.2578125,3.0981052e-15
27,11,1,0,0,1,2206.93994140625,2666.27392578125,0,0,1,0.0,0.009642792
26,12,0,0,0,0,6269.65380859375,11637.0966796875,0,0,0,10344.0859375,8.027797e-27
27,12,0,0,1,0,11363.7470703125,12532.2578125,0,0,0,4137.63427734375,1.6972704e-06
32,12,0,0,1,0,32327.90234375,32225.806640625,0,0,0,32509.984375,6.0852514e-19
51,12,0,0,0,0,67594.703125,62661.2890625,0,0,0,71669.7421875,0.0
26,13,0,0,1,0,19200.814453125,14680.64453125,0,0,0,18471.58203125,3.8972826e-29
24,9,0,0,1,1,15674.1337890625,16112.9033203125,0,0,0,36943.1640625,1.0403669e-08
26,17,0,0,1,0,0.0,0.0,1,1,0,11821.8134765625,0.5522285
21,14,0,0,0,0,16849.6953125,19693.548828125,0,0,0,35465.4375,6.8704058e-15
52,8,0,0,1,1,5290.0205078125,0.0,0,1,0,6797.5419921875,0.0
41,11,0,0,1,1,0.0,0.0,1,1,0,14481.7197265625,0.36204872
20,11,0,0,1,1,6661.50732421875,5370.9677734375,0,0,0,1182.18127441406,9.662842e-07
20,10,0,0,0,1,1381.28308105469,3523.35473632812,0,0,0,9309.677734375,6.155997e-11
45,12,0,0,1,0,24686.76171875,15217.7421875,0,0,0,27929.03125,0.0
49,17,0,0,1,0,47022.40234375,48338.7109375,0,0,0,44331.796875,4.314187e-25
33,12,0,0,1,0,0.0,0.0,1,1,0,0.0,0.43837652
46,9,0,1,1,1,0.0,0.0,1,1,0,0.0,0.30601144
27,13,1,0,1,0,27429.734375,30435.484375,0,0,0,24973.578125,4.785805e-16
25,13,0,0,1,0,24490.8359375,18261.2890625,0,0,0,0.0,0.0
30,11,0,0,1,1,16065.98828125,17989.16015625,0,0,0,23052.53515625,2.3970062e-10
44,13,0,0,1,0,27429.734375,26774.2734375,0,0,0,35465.4375,5.0895847e-17
48,8,1,0,1,1,16261.9140625,11637.0966796875,0,0,0,5172.04296875,4.963547e-35
36,12,1,0,1,0,18613.03515625,25064.515625,0,0,0,33692.1640625,1.5916909e-32
55,6,1,0,1,1,19962.96875,26854.83984375,0,0,0,14777.265625,1.0750124e-34
46,8,1,0,1,1,25470.46875,21483.87109375,0,0,0,11390.31640625,4.930257e-21
18,11,1,0,0,1,0.0,0.0,1,1,1,0.0,0.57105297
32,12,0,0,1,0,23903.0546875,24812.080078125,0,0,0,12412.9033203125,1.2326298e-12
23,12,0,0,1,0,9404.48046875,9130.6455078125,0,0,0,11821.8134765625,3.353959e-06
36,12,0,0,1,0,33307.53515625,30435.484375,0,0,0,31032.2578125,1.04237295e-23
21,12,1,0,1,0,16653.767578125,9846.7744140625,0,0,0,7388.6328125,0.0
55,16,0,0,1,0,48981.671875,46548.38671875,0,0,0,47878.33984375,6.4920214e-32
45,12,0,0,1,0,23511.201171875,21483.87109375,0,0,0,0.0,6.784764e-17
24,12,0,0,1,0,17633.400390625,19693.548828125,0,0,0,11526.2666015625,4.4008863e-11
27,10,0,1,0,1,0.0,0.0,1,1,1,11142.8701171875,0.4875342
54,10,0,0,1,1,0.0,0.0,1,1,0,0.0,0.24905337
23,9,1,0,0,1,0.0,0.0,1,1,0,218.703536987305,0.5071519
23,12,0,0,1,0,19592.66796875,21215.322265625,0,0,0,24884.916015625,4.2925206e-09
32,11,1,0,0,1,9796.333984375,14322.5810546875,0,0,0,886.635925292969,7.639008e-23
51,11,0,0,1,1,25470.46875,25064.515625,0,0,0,26599.078125,1.4319968e-15
37,10,0,0,1,1,36246.4375,17545.16015625,0,0,0,17732.71875,0.0
40,7,1,0,1,1,8816.7001953125,8951.61328125,0,0,0,11821.8134765625,2.4073275e-05
35,12,1,0,1,0,16065.98828125,16086.0478515625,0,0,0,19210.4453125,1.4754639e-09
51,12,1,0,1,0,23511.201171875,25601.61328125,0,0,0,25121.3515625,2.2936951e-11
27,9,0,0,1,1,11749.72265625,2327.41943359375,0,0,0,19210.4453125,0.0
45,9,0,0,1,1,0.0,0.0,1,1,0,0.0,0.31094694
54,10,0,0,1,1,10775.966796875,32225.806640625,0,0,0,19210.4453125,0.0
41,8,0,0,1,1,0.0,0.0,1,1,0,7093.08740234375,0.33630475
24,11,1,0,0,1,0.0,0.0,1,1,1,1991.40002441406,0.5164294
28,12,0,0,1,0,13714.8681640625,13606.4521484375,0,0,0,19210.4453125,2.115385e-08
21,12,0,0,1,0,7523.58447265625,7934.70947265625,0,0,0,0.0,0.00043062112
41,16,0,0,1,0,35582.2421875,34016.12890625,0,0,0,42854.0703125,5.5623586e-23
26,11,0,0,0,1,0.0,2226.26611328125,1,0,1,13385.8603515625,8.939883e-20
23,12,0,0,1,0,19592.66796875,21215.322265625,0,0,0,24884.916015625,4.2925206e-09
44,14,0,0,1,0,32719.755859375,29540.322265625,0,0,0,26952.255859375,7.776161e-24
49,17,0,0,1,0,47022.40234375,48338.7109375,0,0,0,44331.796875,4.314187e-25
33,13,1,0,1,0,0.0,10741.9345703125,1,0,0,20688.171875,0.0
54,12,0,0,1,0,28889.388671875,35806.453125,0,0,0,31032.2578125,4.2865567e-35
49,17,0,0,1,0,30956.4140625,31867.7421875,0,0,0,35465.4375,1.3200774e-16
27,17,0,0,1,0,13127.087890625,10741.9345703125,0,0,0,29554.53125,1.8173647e-11
43,12,0,0,1,0,19592.66796875,21739.88671875,0,0,0,29338.783203125,1.621938e-11
50,14,0,0,1,0,70533.6015625,29540.322265625,0,0,0,51720.4296875,0.0
42,8,1,0,0,1,17633.400390625,10562.9033203125,0,0,0,0.0,0.0
29,10,1,0,1,1,8659.958984375,10892.3232421875,0,0,0,51.7204284667969,1.3031346e-11
55,12,0,0,1,0,23511.201171875,26854.83984375,0,0,0,26599.078125,1.8583498e-17
31,9,1,0,0,1,17437.474609375,13427.4189453125,0,0,0,11326.7744140625,2.829173e-25
18,9,1,0,0,1,0.0,0.0,1,1,1,4482.84521484375,0.55494976
46,8,1,0,1,1,0.0,0.0,1,1,1,3094.15600585938,0.2902821
40,16,0,0,1,0,35266.80078125,35806.453125,0,0,0,36943.1640625,1.3229134e-19
55,17,1,0,1,0,27429.734375,26854.83984375,0,0,0,17806.60546875,6.997839e-17
27,17,0,0,0,0,26254.17578125,29540.322265625,0,0,0,31032.2578125,2.3800231e-17
35,17,0,0,1,0,39185.3359375,30435.484375,0,0,0,33426.17578125,0.0
22,12,0,0,0,0,6759.994140625,8455.50390625,0,0,1,12590.7099609375,6.251468e-09
21,13,0,0,1,0,8816.7001953125,17903.2265625,0,0,0,28224.578125,0.0
37,17,0,0,1,0,48981.671875,44758.06640625,0,0,0,44331.796875,1.3835908e-34
46,14,0,0,1,0,35266.80078125,33120.96875,0,0,0,33987.7109375,1.0298282e-23
40,12,0,0,1,0,20572.30078125,24772.693359375,0,0,0,32586.826171875,1.3934095e-21
31,17,0,0,1,0,23903.0546875,25601.61328125,0,0,0,27042.396484375,2.2143908e-11
30,12,1,0,1,0,17760.75390625,17366.12890625,0,0,0,19210.4453125,3.8840056e-11
54,15,0,0,1,0,48981.671875,35806.453125,0,0,0,88663.59375,0.0
25,14,0,1,1,0,15674.1337890625,14322.5810546875,0,0,0,20702.94921875,2.4137968e-11
27,16,0,0,0,0,30368.634765625,31330.64453125,0,0,0,36943.1640625,3.6239434e-16
22,12,0,0,1,0,19592.66796875,19693.548828125,0,0,0,17732.71875,2.114567e-11
44,6,0,0,1,1,25470.46875,7619.61279296875,0,0,0,11821.8134765625,0.0
26,14,0,0,1,0,17437.474609375,7161.29052734375,0,0,0,14771.35546875,0.0
25,12,1,0,0,0,0.0,0.0,1,1,1,11965.8095703125,0.5096803
50,10,0,0,1,1,0.0,0.0,1,1,0,0.0,0.27888426
20,12,0,0,1,0,4310.38720703125,0.0,0,1,0,4433.1796875,6.8722793e-34
50,17,0,0,1,0,33307.53515625,30435.484375,0,0,0,25860.21484375,1.1100321e-23
51,9,0,0,0,1,35266.80078125,32225.806640625,0,0,0,39898.6171875,3.832992e-25
51,12,0,0,1,0,16849.6953125,19693.548828125,0,0,0,17732.71875,8.592276e-15
40,12,0,0,1,0,20572.30078125,24772.693359375,0,0,0,32586.826171875,1.3934095e-21
29,17,0,0,0,0,27037.8828125,29182.2578125,0,0,0,26599.078125,1.7666848e-12
22,14,0,0,1,0,19279.185546875,17616.7734375,0,0,0,17289.400390625,7.0564756e-14
26,17,0,0,1,0,25470.46875,26854.83984375,0,0,0,44331.796875,9.777872e-13
50,10,1,0,1,1,5681.87353515625,0.0,0,1,0,0.0,0.0
38,12,0,0,1,0,23511.201171875,16112.9033203125,0,0,0,30293.39453125,0.0
26,16,0,0,1,0,25862.322265625,22379.03125,0,0,0,35465.4375,2.3463317e-20
22,10,1,0,1,1,1468.34802246094,5588.6640625,0,0,1,13228.2802734375,1.3651723e-20
42,12,1,0,1,0,14988.390625,11185.9345703125,0,0,0,0.0,2.6391912e-26
26,12,0,0,1,0,11755.6005859375,14322.5810546875,0,0,0,20688.171875,2.4368962e-13
48,8,1,0,1,1,37226.0703125,26854.83984375,0,0,0,30569.73046875,0.0
48,16,0,0,1,0,0.0,0.0,1,1,0,0.0,0.33784786
24,12,1,0,1,0,9796.333984375,14322.5810546875,0,0,0,33987.7109375,7.5056726e-23
29,12,0,0,1,0,24490.8359375,25064.515625,0,0,0,28076.8046875,1.797979e-13
54,2,1,0,1,1,15674.1337890625,16990.16015625,0,0,0,18096.240234375,1.6158273e-07
29,15,0,0,1,0,26450.1015625,27250.5,0,0,0,28815.66796875,3.3236184e-14
45,14,0,0,1,0,13714.8681640625,19102.7421875,0,0,0,30145.62109375,4.174532e-27
27,8,0,0,1,1,8424.84765625,7698.38720703125,0,0,0,15072.810546875,2.1798403e-06
25,12,0,1,1,0,23511.201171875,21483.87109375,0,0,0,25121.3515625,7.875268e-17
26,17,0,0,1,0,25470.46875,26854.83984375,0,0,0,44331.796875,9.777872e-13
21,13,0,0,1,0,9796.333984375,8593.548828125,0,0,0,28787.591796875,8.101369e-08
50,16,0,0,1,0,38205.703125,34911.2890625,0,0,0,33987.7109375,4.1596535e-27
55,17,1,0,1,0,27429.734375,26854.83984375,0,0,0,17806.60546875,6.997839e-17
46,8,1,0,0,1,3165.65795898438,2594.72290039062,0,0,1,0.0,0.0032086174
51,12,0,0,1,0,16849.6953125,19693.548828125,0,0,0,17732.71875,8.592276e-15
43,12,0,0,1,0,0.0,0.0,1,1,0,0.0,0.34707642
22,8,1,0,1,1,5877.80029296875,12030.9677734375,0,0,0,857.081420898438,1.10868245e-30
22,12,0,0,0,0,16230.56640625,9846.7744140625,0,0,0,2955.453125,0.0
27,16,0,0,0,0,30368.634765625,31330.64453125,0,0,0,36943.1640625,3.6239434e-16
34,17,0,0,1,0,32327.90234375,34016.12890625,0,0,0,33987.7109375,3.561939e-16
20,12,0,0,0,0,16497.025390625,19604.03125,0,0,0,19653.763671875,3.5603905e-16
54,11,0,0,1,1,33158.6328125,32225.806640625,0,0,0,36943.1640625,9.903209e-21
46,12,0,0,1,0,22727.494140625,21841.935546875,0,0,0,22904.76171875,1.0145361e-14
32,16,0,0,1,0,27625.662109375,29540.322265625,0,0,0,33987.7109375,3.5627192e-13
33,17,0,0,1,0,29389.001953125,30435.484375,0,0,0,31032.2578125,1.7554431e-15
37,12,0,0,1,0,27429.734375,28645.16015625,0,0,0,0.0,3.5364083e-14
25,14,0,0,1,0,16065.98828125,15217.7421875,0,0,0,18471.58203125,7.914264e-11
20,11,0,0,1,1,12735.234375,7161.29052734375,0,0,0,14038.40234375,0.0
22,13,0,0,1,0,14694.5009765625,16112.9033203125,0,0,0,0.0,7.58225e-08
53,12,0,0,1,0,26450.1015625,25064.515625,0,0,0,26007.98828125,1.33457295e-17
21,12,0,0,1,0,23511.201171875,50129.03125,0,0,0,0.0,0.0
43,12,1,0,1,0,24490.8359375,29355.919921875,0,0,0,35465.4375,5.7134513e-25
39,14,0,0,1,0,58778.00390625,57290.32421875,0,0,0,74625.1953125,5.1000696e-36
19,13,0,0,1,0,12735.234375,19693.548828125,0,0,0,28815.66796875,7.963135e-35
26,14,0,0,1,0,5877.80029296875,13427.4189453125,0,0,0,31032.2578125,1.9438252e-37
41,8,1,0,1,1,1716.31774902344,8378.7099609375,0,0,0,7388.6328125,1.4396291e-34
48,15,0,0,1,0,73472.5078125,71612.90625,0,0,0,85708.140625,0.0
21,9,1,0,0,1,13127.087890625,16327.7421875,0,0,0,8866.359375,1.5398455e-16
49,10,1,0,1,1,10775.966796875,0.0,0,1,0,5319.81591796875,0.0
22,14,0,0,1,0,21551.935546875,21483.87109375,0,0,0,23200.306640625,9.566682e-13
24,12,1,0,0,0,783.706726074219,0.0,0,1,0,10344.0859375,9.963966e-07
20,12,0,0,1,0,9796.333984375,13427.4189453125,0,0,0,10713.517578125,1.753359e-18
34,16,0,0,1,0,35266.80078125,34016.12890625,0,0,0,35465.4375,2.6070563e-22
39,12,0,0,1,0,30760.48828125,32583.87109375,0,0,0,34726.57421875,3.8074216e-15
26,10,1,0,0,1,25929.6796875,6788.9580078125,0,0,1,672.877319335938,0.0
24,16,0,0,0,0,15587.9267578125,19505.564453125,0,0,0,19210.4453125,4.58668e-20
20,8,1,0,0,1,2938.90014648438,1838.66125488281,0,0,0,1226.51306152344,3.0944651e-09
27,17,0,0,1,0,13127.087890625,10741.9345703125,0,0,0,29554.53125,1.8173647e-11
23,12,1,0,1,0,8816.7001953125,12174.1943359375,0,0,0,18471.58203125,4.089503e-17
43,16,0,0,1,0,32131.9765625,31330.64453125,0,0,0,33987.7109375,7.183452e-20
40,11,0,0,1,1,29389.001953125,26407.2578125,0,0,0,31032.2578125,1.1184321e-21
22,14,1,0,1,0,16849.6953125,21125.806640625,0,0,0,24086.943359375,7.040368e-22
32,12,0,0,1,0,32327.90234375,32225.806640625,0,0,0,32509.984375,6.085251e-19
34,14,0,0,1,0,36834.21484375,0.0,0,1,0,0.0,0.0
48,16,0,0,1,0,0.0,0.0,1,1,0,0.0,0.33784786
46,9,1,0,1,1,28605.294921875,32225.806640625,0,0,0,41376.34375,4.733778e-19
55,12,0,0,1,0,26450.1015625,23990.322265625,0,0,0,29554.53125,3.0994938e-19
