age,education,black,hispanic,married,nodegree,re74,re75,u74,u75,t,y,pred_y_A0,pred_y_A1,t_prob
22,12,1,0,1,0,13714.8681640625,0.0,0,1,0,664.976989746094,3801.9746,3802.8242,0.0
24,12,0,0,1,0,15674.1337890625,14680.64453125,0,0,0,17732.71875,15012.425,15013.28,0.0
27,13,1,0,0,0,0.0,0.0,1,1,1,34099.28125,52.211098,53.14039,0.76418346
55,14,0,0,1,0,0.0,0.0,1,1,0,0.0,88.323326,89.252625,0.9248534
20,9,0,0,1,1,18285.837890625,20767.7421875,0,0,0,23643.625,19984.965,19985.824,0.0
54,4,1,0,1,1,0.0,0.0,1,1,0,0.0,77.313324,78.3332,0.9016742
32,8,0,0,1,1,47022.40234375,67137.09375,0,0,0,59109.0625,60719.883,60720.734,0.0
34,6,0,0,1,1,17633.400390625,17903.2265625,0,0,0,4876.49755859375,17834.242,17835.098,0.0
46,12,0,0,1,0,29389.001953125,27033.87109375,0,0,0,27781.259765625,27801.047,27801.902,0.0
48,16,0,0,1,0,0.0,0.0,1,1,0,0.0,81.84076,82.77005,0.9026539
47,12,0,0,1,0,13714.8681640625,0.0,0,1,0,12560.67578125,3825.2568,3826.1064,0.0
31,12,0,0,1,0,31348.26953125,28645.16015625,0,0,0,27337.94140625,29507.133,29507.988,0.0
24,12,0,0,1,0,17633.400390625,18440.322265625,0,0,0,19949.30859375,18197.035,18197.889,0.0
21,12,1,0,1,0,5868.00390625,3043.54833984375,0,0,0,10048.541015625,3897.5544,3898.4038,0.0
54,13,0,0,1,0,0.0,0.0,1,1,0,0.0,85.94734,86.87663,0.9200965
33,10,0,0,1,1,29389.001953125,28645.16015625,0,0,0,36499.84765625,28886.908,28887.766,0.0
28,15,0,0,1,0,68574.3359375,62661.2890625,0,0,0,66497.6953125,64497.543,64498.4,0.0
49,11,0,0,1,1,25470.46875,25064.515625,0,0,0,25121.3515625,25219.062,25219.922,0.0
26,16,0,0,1,0,34287.16796875,32225.806640625,0,0,0,36943.1640625,32879.586,32880.445,0.0
41,8,0,0,1,1,0.0,0.0,1,1,0,0.0,64.9701,65.89939,0.84577876
35,15,1,0,1,0,29477.169921875,34098.484375,0,0,0,19062.673828125,32640.744,32641.602,0.0
32,13,1,0,1,0,18808.9609375,14143.5478515625,0,0,0,26599.078125,15609.452,15610.29,0.0
38,14,0,0,1,0,16653.767578125,16112.9033203125,0,0,0,19505.990234375,16314.044,16314.899,0.0
33,12,0,0,1,0,18417.107421875,12890.3232421875,0,0,0,20688.171875,14614.524,14615.359,0.0
28,15,0,0,1,0,35266.80078125,34016.12890625,0,0,0,35465.4375,34411.613,34412.47,0.0
40,12,0,0,1,0,20572.30078125,24772.693359375,0,0,0,32586.826171875,23460.742,23461.598,0.0
24,12,0,1,1,0,13493.4697265625,16470.96875,0,0,0,21035.4375,15543.239,15544.097,0.0
50,10,0,0,1,1,19592.66796875,15933.87109375,0,0,0,29554.53125,17110.785,17111.621,0.0
52,12,0,0,0,0,31348.26953125,32225.806640625,0,0,0,32509.984375,31966.938,31967.795,0.0
29,14,0,0,1,0,0.0,0.0,1,1,0,0.0,55.867996,56.797287,0.78715134
43,9,1,0,0,1,0.0,0.0,1,1,1,0.0,68.56173,69.49102,0.8575814
19,11,0,0,0,1,4114.46044921875,4654.8388671875,0,0,0,8570.814453125,4507.7446,4508.6006,0.0
30,12,1,0,1,0,17760.75390625,17366.12890625,0,0,0,19210.4453125,17510.898,17511.756,0.0
28,12,1,0,1,0,33503.4609375,26854.83984375,0,0,0,25121.3515625,28926.637,28927.473,0.0
23,15,0,0,1,0,3320.95727539062,2506.45166015625,0,0,0,9974.654296875,2791.9114,2792.747,0.0
33,17,0,0,1,0,29389.001953125,30435.484375,0,0,0,31032.2578125,30114.312,30115.168,0.0
55,12,0,0,1,0,26450.1015625,23990.322265625,0,0,0,29554.53125,24802.531,24803.387,0.0
26,17,0,0,1,0,29389.001953125,32225.806640625,0,0,0,35465.4375,31328.994,31329.852,0.0
21,13,0,0,1,0,7688.1630859375,12743.515625,0,0,0,11082.94921875,11159.962,11160.818,0.0
31,12,0,0,1,0,13714.8681640625,12532.2578125,0,0,0,14777.265625,12932.91,12933.767,0.0
41,9,0,0,1,1,11951.5283203125,12890.3232421875,0,0,0,8718.5869140625,12625.066,12625.922,0.0
26,12,1,0,1,0,8616.85546875,8593.548828125,0,0,0,10344.0859375,8628.192,8629.048,0.0
38,12,1,0,1,0,35266.80078125,25064.515625,0,0,0,36943.1640625,28217.008,28217.844,0.0
22,12,0,0,1,0,24490.8359375,26854.83984375,0,0,0,25121.3515625,26105.902,26106.758,0.0
20,8,1,0,0,1,2938.90014648438,1838.66125488281,0,0,0,1226.51306152344,2196.8975,2197.7466,0.0
25,11,1,0,1,1,17633.400390625,21483.87109375,0,0,0,26599.078125,20273.896,20274.752,0.0
26,12,1,0,1,0,21116.978515625,22379.03125,0,0,0,25121.3515625,21989.11,21989.965,0.0
27,15,0,0,1,0,31152.341796875,34016.12890625,0,0,0,43001.84375,33107.363,33108.22,0.0
26,16,0,0,1,0,48981.671875,53709.67578125,0,0,0,45809.5234375,52185.65,52186.504,0.0
55,16,0,0,1,0,17633.400390625,17903.2265625,0,0,0,22165.8984375,17862.53,17863.387,0.0
29,15,0,0,0,0,0.0,21483.87109375,1,0,0,22313.671875,14694.44,14695.296,0.0
40,16,0,0,1,0,26450.1015625,26854.83984375,0,0,0,32421.3203125,26746.709,26747.566,0.0
54,3,1,0,0,1,0.0,0.0,1,1,0,221.658996582031,75.14855,76.17912,0.8980164
38,11,0,0,1,1,14694.5009765625,14322.5810546875,0,0,0,28076.8046875,14470.079,14470.935,0.0
52,12,0,0,0,0,31348.26953125,32225.806640625,0,0,0,32509.984375,31966.938,31967.795,0.0
33,16,0,0,1,0,20964.154296875,21483.87109375,0,0,0,22018.126953125,21339.844,21340.7,0.0
21,11,1,0,0,1,0.0,9846.7744140625,1,0,0,5615.36083984375,6748.536,6749.3916,0.0
25,5,1,0,0,1,0.0,0.0,1,1,1,6181.8798828125,41.58185,42.51114,0.70719093
29,17,0,0,0,0,27037.8828125,29182.2578125,0,0,0,26599.078125,28510.484,28511.34,0.0
48,16,0,0,1,0,68574.3359375,59080.64453125,0,0,0,62064.515625,62052.14,62052.984,0.0
25,10,0,1,1,1,8816.7001953125,8056.45166015625,0,0,0,13299.5390625,8322.894,8323.75,0.0
46,12,0,0,1,0,12343.380859375,11637.0966796875,0,0,0,11230.7216796875,11901.392,11902.247,0.0
47,16,0,0,1,0,50940.9375,53709.67578125,0,0,0,54675.8828125,52825.05,52825.91,0.0
32,13,0,0,1,0,20572.30078125,25064.515625,0,0,0,7388.6328125,23653.629,23654.484,0.0
48,16,0,0,1,0,48981.671875,50129.03125,0,0,0,48764.9765625,49763.43,49764.285,0.0
49,5,1,0,1,1,9796.333984375,5370.9677734375,0,0,0,0.0,6718.407,6719.257,0.0
34,12,0,0,1,0,21943.787109375,20409.677734375,0,0,0,21131.490234375,20914.414,20915.271,0.0
50,13,0,0,1,0,29389.001953125,29540.322265625,0,0,0,28076.8046875,29514.947,29515.807,0.0
23,11,0,0,1,1,17045.62109375,11986.2099609375,0,0,0,5910.90625,13559.081,13559.917,0.0
42,5,1,0,1,1,31348.26953125,32225.806640625,0,0,0,23643.625,31953.09,31953.945,0.0
27,12,1,0,1,0,19004.888671875,19693.548828125,0,0,0,19210.4453125,19489.547,19490.402,0.0
48,11,0,0,1,1,0.0,0.0,1,1,0,11821.8134765625,77.09118,78.02047,0.88957965
25,12,0,0,1,0,23119.34765625,24074.46875,0,0,0,25195.23828125,23778.02,23778.873,0.0
33,13,0,0,1,0,27429.734375,41177.41796875,0,0,0,38420.890625,36815.195,36816.047,0.0
35,16,0,0,1,0,24882.6875,24527.419921875,0,0,0,36943.1640625,24658.508,24659.365,0.0
21,12,0,0,0,0,0.0,0.0,1,1,1,8048.60302734375,42.790916,43.72021,0.707632
25,12,1,0,0,0,0.0,0.0,1,1,1,2348.97290039062,48.58683,49.51612,0.7432584
47,11,1,0,1,1,11755.6005859375,16053.8232421875,0,0,0,0.0,14728.519,14729.375,0.0
47,16,0,0,1,0,78370.671875,78774.1953125,0,0,0,97677.7265625,78607.18,78608.04,0.0
45,12,0,0,1,0,17104.3984375,16381.4521484375,0,0,0,18176.037109375,16644.145,16645.002,0.0
19,12,1,0,0,0,5387.98388671875,8056.45166015625,0,0,0,12117.3583984375,7232.008,7232.8647,0.0
25,14,0,0,0,0,6857.43359375,1790.32263183594,0,0,0,0.0,3246.5051,3247.3545,0.0
34,12,0,0,1,0,10775.966796875,11637.0966796875,0,0,0,14186.1748046875,11394.154,11395.011,0.0
28,16,0,0,1,0,0.0,8951.61328125,1,0,0,36943.1640625,6148.8496,6149.7056,0.0
40,8,0,0,1,1,0.0,0.0,1,1,0,0.0,63.721817,64.65111,0.8396498
52,12,0,0,1,0,41144.6015625,37596.7734375,0,0,0,36943.1640625,38733.797,38734.65,0.0
26,10,1,0,0,1,25929.6796875,6788.9580078125,0,0,1,672.877319335938,12179.366,12180.216,0.0
37,8,0,0,1,1,10971.8935546875,13427.4189453125,0,0,0,14777.265625,12676.429,12677.285,0.0
53,10,1,0,1,1,20062.892578125,15502.4033203125,0,0,0,13299.5390625,16954.623,16955.459,0.0
21,13,1,0,0,0,0.0,0.0,1,1,1,17094.640625,44.721405,45.650696,0.71059746
22,11,1,0,0,1,5485.94677734375,13427.4189453125,0,0,0,8866.359375,10928.181,10929.037,0.0
47,10,0,0,1,1,15674.1337890625,19693.548828125,0,0,0,22165.8984375,18450.227,18451.084,0.0
46,12,0,0,1,0,15674.1337890625,734.032287597656,0,0,0,20688.171875,4904.7725,4905.622,0.0
24,12,0,0,1,0,17437.474609375,22379.03125,0,0,0,16254.9921875,20821.025,20821.883,0.0
36,14,0,0,1,0,21160.080078125,23460.38671875,0,0,0,0.0,22750.459,22751.314,0.0
23,10,1,0,0,1,3918.53369140625,7161.29052734375,0,0,0,6649.76953125,6158.266,6159.122,0.0
40,16,0,0,1,0,35266.80078125,35806.453125,0,0,0,36943.1640625,35644.29,35645.145,0.0
47,8,0,1,1,1,10286.1513671875,7161.29052734375,0,0,0,1477.7265625,8164.967,8165.8027,0.0
27,12,0,0,0,0,22139.71484375,25422.580078125,0,0,0,61768.97265625,24388.02,24388.875,0.0
37,12,1,0,1,0,19004.888671875,25959.677734375,0,0,0,25860.21484375,23771.75,23772.605,0.0
36,12,1,0,1,0,18613.03515625,25064.515625,0,0,0,33692.1640625,23036.26,23037.115,0.0
54,8,0,0,1,1,23511.201171875,21483.87109375,0,0,0,19210.4453125,22157.955,22158.81,0.0
29,16,0,0,1,0,4800.20361328125,17187.09765625,0,0,0,23643.625,13285.7,13286.556,0.0
19,12,1,0,0,0,7837.0673828125,3759.67749023438,0,0,0,3694.31640625,4965.2676,4966.117,0.0
55,7,0,0,0,1,2938.90014648438,8342.9033203125,0,0,0,0.0,6678.5605,6679.417,0.0
22,12,0,0,1,0,24765.1328125,21594.87109375,0,0,0,34320.19921875,22599.396,22600.242,0.0
43,12,0,0,1,0,19592.66796875,21739.88671875,0,0,0,29338.783203125,21084.836,21085.691,0.0
50,12,0,0,1,0,37226.0703125,39029.03125,0,0,0,36943.1640625,38467.47,38468.32,0.0
31,16,0,0,0,0,43103.87109375,44364.1953125,0,0,0,54675.8828125,43954.07,43954.93,0.0
47,12,0,0,1,0,30368.634765625,23274.193359375,0,0,0,25860.21484375,25493.938,25494.773,0.0
53,8,0,0,1,1,20964.154296875,22033.5,0,0,0,23195.873046875,21725.049,21725.906,0.0
20,13,0,0,0,0,7837.0673828125,17491.451171875,0,0,0,2216.58984375,14443.332,14444.1875,0.0
39,14,0,0,1,0,21747.861328125,21841.935546875,0,0,0,18619.35546875,21835.61,21836.465,0.0
26,12,0,0,1,0,29330.224609375,28287.09765625,0,0,0,38420.890625,28619.217,28620.072,0.0
21,14,0,0,1,0,4506.3134765625,9309.677734375,0,0,0,23052.53515625,7811.302,7812.1587,0.0
48,8,0,1,1,1,25470.46875,16112.9033203125,0,0,0,23643.625,18970.8,18971.648,0.0
22,12,0,0,0,0,7837.0673828125,7497.87109375,0,0,0,17732.71875,7628.839,7629.695,0.0
23,12,0,0,1,0,17633.400390625,0.0,0,1,0,23643.625,4878.1685,4879.0176,0.0
52,7,1,0,0,1,293.890014648438,5012.9033203125,0,0,0,0.0,3567.795,3568.651,0.0
27,12,0,0,1,0,21943.787109375,20588.7109375,0,0,0,18323.810546875,21030.258,21031.113,0.0
26,16,1,0,1,0,27429.734375,25064.515625,0,0,0,32509.984375,25824.312,25825.17,0.0
20,12,0,0,0,0,4811.95947265625,716.129028320312,0,0,0,0.0,1883.3972,1884.2465,0.0
28,14,0,0,1,0,10775.966796875,13427.4189453125,0,0,0,0.0,12611.771,12612.627,0.0
32,11,1,0,0,1,9796.333984375,14322.5810546875,0,0,0,886.635925292969,12913.002,12913.858,0.0
27,10,1,0,0,1,1001.14599609375,3550.07495117188,0,0,1,0.0,2774.9683,2775.8242,0.0
21,12,0,0,1,0,23511.201171875,50129.03125,0,0,0,0.0,41666.836,41667.688,0.0
48,12,0,0,1,0,42124.234375,42967.7421875,0,0,0,36943.1640625,42703.348,42704.203,0.0
50,10,0,0,1,1,27429.734375,32225.806640625,0,0,0,33987.7109375,30723.322,30724.176,0.0
48,8,0,0,1,1,11755.6005859375,8844.193359375,0,0,0,3073.67138671875,9785.207,9786.042,0.0
18,10,0,1,1,1,15674.1337890625,10741.9345703125,0,0,0,20688.171875,12270.388,12271.224,0.0
49,12,0,0,1,0,35266.80078125,32225.806640625,0,0,0,47287.25,33206.375,33207.23,0.0
27,12,0,0,1,0,3526.68017578125,0.0,0,1,0,5910.90625,1008.72394,1009.57324,0.0
44,12,0,0,1,0,0.0,0.0,1,1,0,0.0,72.33682,73.26611,0.8766328
29,10,1,0,1,1,10384.1142578125,7304.51611328125,0,0,0,11501.146484375,8280.322,8281.159,0.0
40,12,0,0,1,0,15674.1337890625,14322.5810546875,0,0,0,16254.9921875,14782.53,14783.387,0.0
22,11,1,0,0,1,11069.857421875,5191.935546875,0,0,0,9605.22265625,6915.048,6915.897,0.0
31,14,0,0,1,0,37226.0703125,17903.2265625,0,0,0,25860.21484375,23511.334,23512.184,0.0
22,11,0,0,1,1,17633.400390625,0.0,0,1,0,13299.5390625,4876.935,4877.7847,0.0
26,17,0,0,1,0,4702.240234375,19693.548828125,0,0,0,26599.078125,14962.315,14963.173,0.0
26,14,0,0,1,0,0.0,0.0,1,1,0,0.0,52.12315,53.05244,0.7629833
35,16,0,0,1,0,24882.6875,24527.419921875,0,0,0,36943.1640625,24658.508,24659.365,0.0
22,12,0,0,0,0,12735.234375,16112.9033203125,0,0,0,21131.490234375,15055.591,15056.447,0.0
25,17,0,0,1,0,5877.80029296875,10562.9033203125,0,0,0,30101.2890625,9107.044,9107.899,0.0
20,12,1,0,0,0,0.0,377.568603515625,1,0,1,1652.63696289062,290.33203,291.18802,0.00067814783
27,12,1,0,1,0,14694.5009765625,13427.4189453125,0,0,0,14079.779296875,13850.852,13851.708,0.0
27,14,0,0,1,0,12419.7919921875,16829.03125,0,0,0,25178.982421875,15451.376,15452.231,0.0
18,11,1,0,0,1,5877.80029296875,6932.12890625,0,0,0,9457.4501953125,6619.1855,6620.0415,0.0
21,12,0,0,1,0,14694.5009765625,15217.7421875,0,0,0,23643.625,15065.703,15066.56,0.0
51,12,0,0,1,0,44083.50390625,41177.41796875,0,0,0,48764.9765625,42105.742,42106.594,0.0
29,11,1,0,1,1,783.706726074219,0.0,0,1,0,23643.625,257.90286,258.75223,1.732948e-22
26,16,0,0,0,0,24490.8359375,27750.0,0,0,0,9605.22265625,26723.2,26724.053,0.0
24,12,1,0,0,0,783.706726074219,0.0,0,1,0,10344.0859375,252.59453,253.44388,1.00371506e-22
24,12,1,0,1,0,20572.30078125,25959.677734375,0,0,0,31032.2578125,24256.652,24257.508,0.0
54,8,0,1,1,1,14302.6484375,0.0,0,1,0,8866.359375,3990.726,3991.5757,0.0
28,11,1,0,0,1,0.0,1284.07897949219,1,0,1,60307.9296875,915.342,916.198,2.6628335e-12
23,12,1,0,1,0,9169.3681640625,8271.2900390625,0,0,0,10403.1953125,8580.339,8581.185,0.0
54,2,1,0,1,1,15674.1337890625,16990.16015625,0,0,0,18096.240234375,16605.426,16606.283,0.0
26,8,1,0,1,1,25470.46875,23274.193359375,0,0,0,23643.625,23975.246,23976.102,0.0
25,14,0,0,1,0,33307.53515625,31330.64453125,0,0,0,35760.984375,31955.863,31956.717,0.0
49,4,0,0,1,1,19200.814453125,7161.29052734375,0,0,0,2955.453125,10623.347,10624.196,0.0
48,12,0,0,1,0,36246.4375,31330.64453125,0,0,0,32509.984375,32894.305,32895.15,0.0
45,4,0,0,1,1,15004.0654296875,13586.7578125,0,0,0,17686.908203125,14065.446,14066.302,0.0
45,9,1,0,1,1,0.0,0.0,1,1,0,0.0,71.89371,72.823006,0.87003005
44,17,0,0,1,0,39185.3359375,44758.06640625,0,0,0,51720.4296875,42994.848,42995.703,0.0
37,11,0,0,1,1,31250.3046875,26854.83984375,0,0,0,36943.1640625,28249.207,28250.053,0.0
22,12,0,0,1,0,19592.66796875,17903.2265625,0,0,0,23643.625,18449.615,18450.469,0.0
34,12,0,0,1,0,35266.80078125,35806.453125,0,0,0,36943.1640625,35634.844,35635.703,0.0
44,16,0,0,1,0,31348.26953125,30435.484375,0,0,0,19210.4453125,30743.764,30744.621,0.0
22,13,0,0,1,0,15870.060546875,15826.4521484375,0,0,0,35465.4375,15855.122,15855.979,0.0
42,5,1,0,1,1,31348.26953125,32225.806640625,0,0,0,23643.625,31953.09,31953.945,0.0
26,10,1,0,0,1,25929.6796875,6788.9580078125,0,0,1,672.877319335938,12179.366,12180.216,0.0
39,12,0,0,1,0,0.0,0.0,1,1,0,0.0,66.09541,67.024704,0.8493742
54,12,0,0,1,0,12735.234375,17894.2734375,0,0,0,19343.44140625,16299.835,16300.69,0.0
46,11,0,0,1,1,26841.955078125,29361.2890625,0,0,0,36943.1640625,28581.078,28581.936,0.0
48,14,0,0,1,0,56818.73828125,57290.32421875,0,0,0,57631.3359375,57127.71,57128.562,0.0
24,12,1,0,1,0,9796.333984375,14322.5810546875,0,0,0,33987.7109375,12907.026,12907.882,0.0
18,12,1,0,0,0,0.0,0.0,1,1,1,2321.10693359375,39.848858,40.77815,0.6768346
44,13,0,0,1,0,21679.287109375,21918.919921875,0,0,0,22165.8984375,21869.83,21870.688,0.0
34,12,1,0,0,0,18848.146484375,30435.484375,0,0,0,12560.67578125,26770.93,26771.785,0.0
19,12,0,0,1,0,11201.1279296875,14143.5478515625,0,0,0,24338.15625,13224.743,13225.6,0.0
33,10,0,0,1,1,16653.767578125,16112.9033203125,0,0,0,12560.67578125,16306.171,16307.026,0.0
39,9,1,0,1,1,10580.041015625,9667.7421875,0,0,0,11821.8134765625,9991.868,9992.725,0.0
30,12,0,0,1,0,30564.5625,26854.83984375,0,0,0,14777.265625,28031.26,28032.105,0.0
47,11,0,0,1,1,32719.755859375,30435.484375,0,0,0,36943.1640625,31176.473,31177.326,0.0
46,12,0,0,1,0,25470.46875,23274.193359375,0,0,0,29554.53125,23995.793,23996.648,0.0
25,8,1,0,0,1,0.0,0.0,1,1,1,0.0,44.964954,45.89424,0.7196355
28,15,1,0,1,0,30768.326171875,33486.1953125,0,0,0,30828.33203125,32625.94,32626.793,0.0
23,14,0,0,0,0,0.0,3401.61279296875,1,0,0,5319.81591796875,2356.617,2357.473,7.588577e-33
53,5,1,0,1,1,14008.7578125,2660.41943359375,0,0,0,11082.94921875,5873.6396,5874.4883,0.0
18,11,1,0,0,1,5877.80029296875,6932.12890625,0,0,0,9457.4501953125,6619.1855,6620.0415,0.0
54,7,0,0,1,1,15674.1337890625,16112.9033203125,0,0,0,18841.013671875,16011.547,16012.402,0.0
51,12,0,0,1,0,25862.322265625,20588.7109375,0,0,0,24825.806640625,22259.723,22260.559,0.0
27,9,0,0,1,1,15478.2080078125,16470.96875,0,0,0,15516.12890625,16171.591,16172.446,0.0
22,12,0,0,0,0,9992.2607421875,15754.8388671875,0,0,0,19949.30859375,13942.501,13943.356,0.0
26,12,0,0,1,0,13714.8681640625,716.129028320312,0,0,0,22904.76171875,4334.4077,4335.2573,0.0
32,16,1,0,1,0,25470.46875,25422.580078125,0,0,0,30145.62109375,25453.215,25454.07,0.0
27,12,1,0,1,0,9796.333984375,14322.5810546875,0,0,0,11821.8134765625,12909.706,12910.562,0.0
27,16,0,0,1,0,0.0,0.0,1,1,0,0.0,55.62683,56.55613,0.77832526
49,12,0,0,0,0,11755.6005859375,0.0,0,1,0,0.0,3288.4263,3289.2756,0.0
26,16,0,0,1,0,18221.181640625,22379.03125,0,0,0,18471.58203125,21075.154,21076.008,0.0
27,13,1,0,0,0,0.0,0.0,1,1,1,34099.28125,52.211098,53.14039,0.76418346
42,9,0,0,1,1,23511.201171875,21841.935546875,0,0,0,26303.533203125,22392.441,22393.297,0.0
37,15,0,1,1,0,7837.0673828125,179.032257080078,0,0,0,11821.8134765625,2337.4785,2338.3276,0.0
25,16,0,0,1,0,28409.369140625,29540.322265625,0,0,0,32509.984375,29185.355,29186.21,0.0
38,12,0,0,1,0,43103.87109375,41177.41796875,0,0,0,36943.1640625,41783.805,41784.664,0.0
51,16,0,0,1,0,27429.734375,28645.16015625,0,0,0,28076.8046875,28287.793,28288.646,0.0
35,12,0,0,1,0,0.0,26138.7109375,1,0,0,29554.53125,17871.996,17872.852,0.0
46,9,0,1,1,1,0.0,0.0,1,1,0,0.0,72.89171,73.821,0.86844605
45,14,0,0,1,0,13714.8681640625,19102.7421875,0,0,0,30145.62109375,17428.291,17429.146,0.0
38,12,1,0,1,0,34483.09765625,23632.2578125,0,0,0,19210.4453125,26979.328,26980.164,0.0
29,17,0,0,1,0,45063.13671875,35806.453125,0,0,0,0.0,38679.14,38679.977,0.0
26,12,0,1,1,0,19055.828125,0.0,0,1,0,13299.5390625,5272.2876,5273.137,0.0
26,12,0,0,1,0,17633.400390625,16112.9033203125,0,0,0,25121.3515625,16611.605,16612.463,0.0
29,17,0,0,1,0,33307.53515625,34016.12890625,0,0,0,26980.33203125,33793.9,33794.758,0.0
35,9,1,0,1,1,13602.4296875,13830.6396484375,0,0,1,12803.9697265625,13784.655,13785.511,0.0
28,10,1,0,1,1,11755.6005859375,15217.7421875,0,0,0,10639.630859375,14140.347,14141.204,0.0
25,12,0,0,1,0,28017.515625,31062.09765625,0,0,0,28076.8046875,30094.94,30095.797,0.0
51,11,0,0,1,1,25470.46875,25064.515625,0,0,0,26599.078125,25220.852,25221.707,0.0
53,16,0,0,1,0,39185.3359375,35806.453125,0,0,0,51720.4296875,36897.195,36898.05,0.0
48,8,1,0,1,1,37226.0703125,26854.83984375,0,0,0,30569.73046875,30065.82,30066.656,0.0
43,8,1,0,1,1,11755.6005859375,12532.2578125,0,0,0,12930.1083984375,12320.304,12321.16,0.0
37,12,0,0,1,0,11430.36328125,11372.12890625,0,0,0,8866.359375,11423.433,11424.288,0.0
45,15,0,0,1,0,53879.8359375,51919.35546875,0,0,0,45809.5234375,52532.28,52533.133,0.0
36,7,1,0,1,1,23511.201171875,21483.87109375,0,0,0,13299.5390625,22141.578,22142.434,0.0
42,11,0,0,1,1,26450.1015625,22379.03125,0,0,0,23327.392578125,23679.398,23680.244,0.0
44,12,0,0,1,0,0.0,0.0,1,1,0,0.0,72.33682,73.26611,0.8766328
21,12,0,0,0,0,16653.767578125,17903.2265625,0,0,0,19210.4453125,17516.926,17517.781,0.0
28,13,0,0,1,0,24490.8359375,23868.580078125,0,0,0,23495.853515625,24075.762,24076.617,0.0
48,6,0,1,1,1,38670.05078125,42967.7421875,0,0,0,36943.1640625,41604.367,41605.22,0.0
27,12,1,0,1,0,13714.8681640625,19425.0,0,0,0,25860.21484375,17630.662,17631.518,0.0
35,12,0,0,1,0,19592.66796875,19693.548828125,0,0,0,22535.330078125,19682.16,19683.018,0.0
17,9,1,0,0,1,0.0,0.0,1,1,1,1953.26794433594,36.1064,37.03569,0.6440509
29,11,1,0,1,1,783.706726074219,0.0,0,1,0,23643.625,257.90286,258.75223,1.732948e-22
48,10,0,0,1,1,22727.494140625,26854.83984375,0,0,0,27042.396484375,25569.184,25570.04,0.0
26,14,0,0,1,0,18613.03515625,19693.548828125,0,0,0,28076.8046875,19365.84,19366.697,0.0
37,17,0,0,1,0,48981.671875,46548.38671875,0,0,0,49503.83984375,47312.754,47313.61,0.0
31,16,0,0,1,0,21551.935546875,18798.38671875,0,0,0,23348.080078125,19687.168,19688.016,0.0
21,12,1,0,1,0,15674.1337890625,19693.548828125,0,0,0,19210.4453125,18429.088,18429.943,0.0
23,12,0,0,1,0,9404.48046875,9130.6455078125,0,0,0,11821.8134765625,9240.567,9241.424,0.0
49,6,0,1,1,1,12539.3076171875,16470.96875,0,0,0,13595.083984375,15257.872,15258.728,0.0
24,11,0,0,1,1,9796.333984375,24885.484375,0,0,0,25121.3515625,20109.477,20110.33,0.0
25,8,0,0,1,1,5877.80029296875,0.0,0,1,0,8866.359375,1649.0393,1649.8884,0.0
30,17,0,0,1,0,27429.734375,25064.515625,0,0,0,20688.171875,25828.182,25829.04,0.0
43,14,0,0,0,0,29389.001953125,30435.484375,0,0,0,29554.53125,30119.36,30120.213,0.0
31,16,0,0,1,0,21551.935546875,18798.38671875,0,0,0,23348.080078125,19687.168,19688.016,0.0
33,10,0,0,1,1,19592.66796875,10741.9345703125,0,0,0,26599.078125,13370.567,13371.417,0.0
23,12,1,0,1,0,19004.888671875,13427.4189453125,0,0,0,13299.5390625,15159.014,15159.851,0.0
27,13,0,0,1,0,21551.935546875,14322.5810546875,0,0,0,16254.9921875,16553.96,16554.809,0.0
25,12,1,0,1,0,11755.6005859375,14322.5810546875,0,0,0,21427.03515625,13528.563,13529.421,0.0
30,11,1,0,1,1,9228.146484375,8808.38671875,0,0,0,17881.96875,8971.574,8972.431,0.0
23,12,0,0,1,0,19396.740234375,12532.2578125,0,0,0,0.0,14632.92,14633.7705,0.0
50,8,0,0,0,1,27084.904296875,21125.806640625,0,0,0,26599.078125,22999.445,23000.281,0.0
25,17,0,0,1,0,5877.80029296875,10562.9033203125,0,0,0,30101.2890625,9107.044,9107.899,0.0
31,11,1,0,1,1,0.0,0.0,1,1,1,14509.9296875,56.67317,57.60246,0.78488845
21,9,1,0,0,1,13127.087890625,16327.7421875,0,0,0,8866.359375,15323.68,15324.536,0.0
55,12,0,0,1,0,0.0,6266.12890625,1,0,0,10344.0859375,4337.4844,4338.3403,0.0
23,17,0,0,1,0,6367.6171875,5370.9677734375,0,0,0,0.0,5715.7397,5716.585,0.0
30,17,1,0,1,0,22139.71484375,27929.03125,0,0,0,33248.84765625,26106.66,26107.516,0.0
53,12,0,0,1,0,29389.001953125,28645.16015625,0,0,0,29554.53125,28906.14,28906.996,0.0
24,12,1,0,1,0,9796.333984375,14322.5810546875,0,0,0,33987.7109375,12907.026,12907.882,0.0
47,14,1,0,1,0,23511.201171875,25565.806640625,0,0,0,23974.63671875,24941.604,24942.457,0.0
53,12,0,0,1,0,41144.6015625,42967.7421875,0,0,0,39898.6171875,42397.492,42398.348,0.0
48,14,0,0,1,0,30895.677734375,34732.2578125,0,0,0,32509.984375,33532.168,33533.023,0.0
25,8,0,0,1,1,5877.80029296875,0.0,0,1,0,8866.359375,1649.0393,1649.8884,0.0
33,10,0,0,1,1,16653.767578125,16112.9033203125,0,0,0,12560.67578125,16306.171,16307.026,0.0
33,17,1,0,1,0,33307.53515625,29540.322265625,0,0,0,17732.71875,30741.617,30742.465,0.0
45,0,0,1,1,1,11755.6005859375,16112.9033203125,0,0,0,10344.0859375,14755.731,14756.587,0.0
22,12,0,0,0,0,9951.1162109375,14322.5810546875,0,0,0,14777.265625,12952.72,12953.575,0.0
30,11,0,0,1,1,23119.34765625,20051.61328125,0,0,0,22018.126953125,21031.977,21032.82,0.0
40,10,1,0,1,1,13244.6435546875,19693.548828125,0,0,0,17732.71875,17675.098,17675.953,0.0
49,8,0,0,1,1,33699.390625,28645.16015625,0,0,0,2955.453125,30250.379,30251.223,0.0
42,6,0,0,1,1,23511.201171875,17903.2265625,0,0,0,23643.625,19659.486,19660.322,0.0
33,12,0,0,0,0,18808.9609375,16028.7578125,0,0,0,17502.193359375,16924.059,16924.904,0.0
41,8,1,0,1,1,1716.31774902344,8378.7099609375,0,0,0,7388.6328125,6305.7617,6306.618,0.0
44,12,0,0,1,0,0.0,0.0,1,1,0,0.0,72.33682,73.26611,0.8766328
29,12,0,0,1,0,23707.12890625,26854.83984375,0,0,0,28076.8046875,25863.898,25864.754,0.0
41,9,0,0,1,1,19592.66796875,21483.87109375,0,0,0,20303.962890625,20906.07,20906.928,0.0
39,5,1,0,1,1,4051.763671875,13427.4189453125,0,0,0,14629.4931640625,10483.759,10484.615,0.0
29,12,0,0,1,0,20768.228515625,0.0,0,1,0,44331.796875,5744.6465,5745.496,0.0
31,14,0,0,1,0,12735.234375,17724.193359375,0,0,0,29850.076171875,16165.34,16166.196,0.0
38,9,1,0,1,1,20388.130859375,22407.677734375,0,0,0,16254.9921875,21786.102,21786.957,0.0
29,16,0,0,1,0,0.0,0.0,1,1,0,8396.4423828125,58.1234,59.052692,0.7938715
37,12,0,0,1,0,27429.734375,28645.16015625,0,0,0,0.0,28271.203,28272.059,0.0
28,15,0,0,1,0,7249.287109375,15217.7421875,0,0,0,9161.9052734375,12716.565,12717.421,0.0
19,12,0,0,1,0,9796.333984375,9846.7744140625,0,0,0,20688.171875,9849.498,9850.354,0.0
52,4,0,0,1,1,14106.720703125,15074.515625,0,0,0,14422.611328125,14802.039,14802.8955,0.0
54,10,1,0,1,1,0.0,0.0,1,1,0,0.0,84.25595,85.18524,0.9119528
28,12,0,0,1,0,13714.8681640625,13606.4521484375,0,0,0,19210.4453125,13662.793,13663.647,0.0
22,12,0,0,0,0,15674.1337890625,10741.9345703125,0,0,0,28963.44140625,12273.884,12274.719,0.0
48,12,0,0,1,0,0.0,0.0,1,1,0,0.0,77.32995,78.25925,0.89528507
25,15,0,0,1,0,30956.4140625,41177.41796875,0,0,0,35465.4375,37927.25,37928.105,0.0
17,10,1,0,0,1,0.0,0.0,1,1,1,0.0,37.2341,38.1634,0.648689
20,9,0,1,0,1,12260.7802734375,5875.048828125,0,0,1,1358.64294433594,7743.463,7744.3125,0.0
28,17,0,0,1,0,29389.001953125,21483.87109375,0,0,0,19210.4453125,23934.484,23935.32,0.0
23,13,0,0,1,0,9698.37109375,8593.548828125,0,0,0,23643.625,8966.667,8967.513,0.0
30,11,0,0,1,1,24882.6875,26854.83984375,0,0,0,33248.84765625,26236.832,26237.69,0.0
21,12,1,0,1,0,8150.5498046875,13092.62890625,0,0,0,10583.4775390625,11544.222,11545.077,0.0
20,12,0,0,1,0,0.0,7161.29052734375,1,0,0,0.0,4916.686,4917.542,0.0
25,14,1,0,1,0,35266.80078125,25601.61328125,0,0,0,33101.07421875,28582.55,28583.389,0.0
29,11,1,0,1,1,783.706726074219,0.0,0,1,0,23643.625,257.90286,258.75223,1.732948e-22
24,11,0,0,1,1,9796.333984375,24885.484375,0,0,0,25121.3515625,20109.477,20110.33,0.0
41,13,0,0,1,0,0.0,0.0,1,1,0,0.0,69.71968,70.64897,0.86324185
39,12,0,0,1,0,2742.97338867188,7161.29052734375,0,0,0,11821.8134765625,5801.638,5802.494,0.0
28,17,0,0,1,0,28017.515625,31151.61328125,0,0,0,31032.2578125,30163.77,30164.625,0.0
30,8,0,0,1,1,13303.421875,17903.2265625,0,0,0,14333.9482421875,16461.084,16461.94,0.0
29,12,0,0,1,0,23707.12890625,26854.83984375,0,0,0,28076.8046875,25863.898,25864.754,0.0
26,12,0,0,1,0,11755.6005859375,14322.5810546875,0,0,0,17732.71875,13528.733,13529.589,0.0
51,12,0,0,1,0,23707.12890625,22379.03125,0,0,0,19411.416015625,22831.21,22832.066,0.0
50,12,0,0,1,0,37226.0703125,39029.03125,0,0,0,36943.1640625,38467.47,38468.32,0.0
33,8,1,0,0,1,0.0,0.0,1,1,1,289.789886474609,54.95121,55.8805,0.7879495
28,16,0,0,1,0,16653.767578125,15396.7744140625,0,0,0,17437.173828125,15818.777,15819.633,0.0
41,17,0,0,1,0,59385.37890625,59438.7109375,0,0,0,82752.6875,59402.688,59403.54,0.0
47,12,1,0,1,0,13714.8681640625,12433.7900390625,0,0,0,14777.265625,12880.777,12881.632,0.0
27,12,1,0,1,0,6855.474609375,0.0,0,1,0,8275.2685546875,1923.3845,1924.2339,0.0
25,12,0,0,1,0,8816.7001953125,16112.9033203125,0,0,0,26599.078125,13817.807,13818.662,0.0
27,9,1,0,1,1,0.0,934.445373535156,1,0,1,1773.42297363281,674.79694,675.6529,6.280618e-09
47,12,0,0,1,0,0.0,0.0,1,1,0,0.0,76.081665,77.01096,0.8908698
53,7,1,0,1,1,10583.958984375,17525.46875,0,0,0,15926.9365234375,15362.259,15363.115,0.0
48,8,0,1,1,1,25470.46875,16112.9033203125,0,0,0,23643.625,18970.8,18971.648,0.0
41,7,1,0,1,1,27429.734375,26708.03125,0,0,0,14777.265625,26950.023,26950.88,0.0
31,15,1,0,0,0,26450.1015625,26854.83984375,0,0,0,25860.21484375,26737.545,26738.402,0.0
34,16,0,0,1,0,25862.322265625,0.0,0,1,0,0.0,7152.1743,7153.0234,0.0
20,11,0,0,1,1,12735.234375,7161.29052734375,0,0,0,14038.40234375,8827.396,8828.247,0.0
24,12,0,0,1,0,16849.6953125,18619.35546875,0,0,0,25121.3515625,18070.871,18071.727,0.0
17,8,1,0,0,1,0.0,0.0,1,1,1,8061.48486328125,34.9787,35.907993,0.6393856
34,12,0,0,1,0,29389.001953125,30793.548828125,0,0,0,31180.03125,30354.29,30355.146,0.0
30,14,1,0,1,0,27429.734375,26892.435546875,0,0,0,20688.171875,27072.42,27073.275,0.0
20,10,1,0,1,1,6857.43359375,6831.87109375,0,0,0,9457.4501953125,6862.729,6863.585,0.0
25,17,0,0,1,0,23511.201171875,29003.2265625,0,0,0,28076.8046875,27268.482,27269.338,0.0
48,12,0,0,1,0,0.0,0.0,1,1,0,12930.1083984375,77.32995,78.25925,0.89528507
50,10,1,0,1,1,5681.87353515625,0.0,0,1,0,0.0,1621.9015,1622.751,0.0
22,12,0,0,1,0,8816.7001953125,10741.9345703125,0,0,0,19653.763671875,10152.322,10153.178,0.0
24,9,1,0,0,1,5877.80029296875,5370.9677734375,0,0,0,13299.5390625,5557.8496,5558.7056,0.0
26,16,0,0,1,0,14694.5009765625,11637.0966796875,0,0,0,20688.171875,12611.909,12612.745,0.0
37,10,0,0,1,1,29369.408203125,27750.0,0,0,0,39898.6171875,28273.809,28274.666,0.0
45,14,0,0,1,0,39185.3359375,42538.06640625,0,0,0,36943.1640625,41478.723,41479.58,0.0
31,10,0,0,1,1,35266.80078125,35806.453125,0,0,0,44331.796875,35630.8,35631.656,0.0
33,11,1,0,1,1,6857.43359375,11637.0966796875,0,0,0,0.0,10152.351,10153.207,0.0
23,12,1,0,0,0,6494.96923828125,12532.2578125,0,0,0,14186.1748046875,10638.583,10639.438,0.0
41,16,0,0,1,0,32327.90234375,31330.64453125,0,0,0,0.0,31661.873,31662.73,0.0
30,11,0,0,1,1,23119.34765625,20051.61328125,0,0,0,22018.126953125,21031.977,21032.82,0.0
25,14,0,0,1,0,11973.0791015625,14322.5810546875,0,0,0,14777.265625,13598.772,13599.63,0.0
27,16,0,0,1,0,17241.548828125,24885.484375,0,0,0,22165.8984375,22475.035,22475.89,0.0
25,8,0,0,1,1,5877.80029296875,0.0,0,1,0,8866.359375,1649.0393,1649.8884,0.0
35,12,0,0,1,0,25078.615234375,26854.83984375,0,0,0,29554.53125,26303.707,26304.562,0.0
48,9,0,0,1,1,29389.001953125,19693.548828125,0,0,0,23052.53515625,22694.262,22695.098,0.0
25,9,0,0,1,1,14263.4619140625,12890.3232421875,0,0,0,16254.9921875,13343.134,13343.99,0.0
26,14,0,0,1,0,33503.4609375,36032.03125,0,0,0,34559.58984375,35224.996,35225.85,0.0
24,11,1,0,0,1,18613.03515625,20230.64453125,0,0,0,31032.2578125,19727.846,19728.701,0.0
27,12,0,0,1,0,3722.60693359375,254.225814819336,0,0,0,1090.56225585938,1250.0876,1250.937,0.0
24,11,1,0,1,1,5427.1689453125,0.0,0,1,0,1329.95385742188,1528.0653,1528.9147,0.0
23,16,0,0,1,0,16065.98828125,16829.03125,0,0,0,20688.171875,16604.865,16605.72,0.0
46,12,0,0,1,0,29389.001953125,27033.87109375,0,0,0,27781.259765625,27801.047,27801.902,0.0
26,16,0,0,1,0,21551.935546875,21483.87109375,0,0,0,29492.466796875,21519.785,21520.64,0.0
27,16,0,0,1,0,18417.107421875,18798.38671875,0,0,0,25860.21484375,18696.242,18697.098,0.0
30,12,0,0,0,0,16457.841796875,14680.64453125,0,0,0,15146.697265625,15263.784,15264.629,0.0
27,15,0,0,1,0,7445.2138671875,10741.9345703125,0,0,0,18471.58203125,9725.397,9726.254,0.0
26,16,0,0,1,0,21551.935546875,20588.7109375,0,0,0,28815.66796875,20909.316,20910.174,0.0
35,12,0,0,1,0,10188.1865234375,9309.677734375,0,0,0,11821.8134765625,9621.64,9622.495,0.0
22,16,0,0,1,0,14694.5009765625,19693.548828125,0,0,0,2955.453125,18123.016,18123.873,0.0
39,16,0,0,0,0,30564.5625,28645.16015625,0,0,0,33987.7109375,29269.277,29270.133,0.0
45,14,0,0,1,0,13714.8681640625,19102.7421875,0,0,0,30145.62109375,17428.291,17429.146,0.0
21,12,0,0,1,0,13714.8681640625,3222.58056640625,0,0,0,14038.40234375,6183.835,6184.6846,0.0
26,13,1,0,1,0,28105.681640625,37596.7734375,0,0,0,58653.921875,34581.92,34582.773,0.0
55,2,1,0,1,1,33307.53515625,20946.7734375,0,0,0,28076.8046875,24699.227,24700.076,0.0
25,12,0,0,0,0,0.0,0.0,1,1,1,5587.5029296875,47.78405,48.71334,0.7443855
45,0,0,1,1,1,11755.6005859375,16112.9033203125,0,0,0,10344.0859375,14755.731,14756.587,0.0
29,12,0,0,1,0,21551.935546875,20588.7109375,0,0,0,19949.30859375,20907.914,20908.773,0.0
42,12,0,0,1,0,29389.001953125,22379.03125,0,0,0,28490.568359375,24567.926,24568.762,0.0
21,8,1,0,0,1,989.267822265625,3695.89697265625,0,0,1,4279.61279296875,2863.25,2864.106,0.0
21,12,1,0,0,0,0.0,0.0,1,1,1,1254.58203125,43.593704,44.522995,0.70640683
55,12,0,0,1,0,23511.201171875,26854.83984375,0,0,0,26599.078125,25825.059,25825.914,0.0
22,11,0,0,1,1,6802.57421875,1790.32263183594,0,0,0,7388.6328125,3227.0586,3227.9072,0.0
40,11,0,0,1,1,8072.17919921875,0.0,0,1,0,1477.7265625,2268.9626,2269.812,0.0
25,14,0,0,1,0,29389.001953125,35806.453125,0,0,0,33839.9375,33766.914,33767.766,0.0
44,15,0,0,1,0,43103.87109375,39387.09765625,0,0,0,51232.78125,40571.29,40572.15,0.0
35,16,0,0,1,0,0.0,19693.548828125,1,0,0,17732.71875,13480.712,13481.568,0.0
26,14,0,0,1,0,33503.4609375,36032.03125,0,0,0,34559.58984375,35224.996,35225.85,0.0
41,8,1,0,1,1,1716.31774902344,8378.7099609375,0,0,0,7388.6328125,6305.7617,6306.618,0.0
54,13,0,0,1,0,27429.734375,25422.580078125,0,0,0,24382.48828125,26089.727,26090.582,0.0
50,11,0,0,1,1,0.0,0.0,1,1,0,10344.0859375,79.58774,80.51704,0.89834267
27,11,1,0,0,1,0.0,0.0,1,1,1,0.0,50.844627,51.77392,0.7495131
18,9,1,0,0,1,0.0,0.0,1,1,1,4482.84521484375,37.354683,38.283974,0.65458035
29,14,0,0,1,0,35266.80078125,16112.9033203125,0,0,0,20688.171875,21647.02,21647.867,0.0
43,14,0,0,1,0,32327.90234375,31420.16015625,0,0,0,31032.2578125,31722.668,31723.523,0.0
37,12,1,0,1,0,18808.9609375,16112.9033203125,0,0,0,32509.984375,16987.203,16988.047,0.0
55,14,0,0,1,0,17633.400390625,19693.548828125,0,0,0,2068.81713867188,19081.424,19082.277,0.0
51,8,1,0,1,1,15987.6171875,5800.64501953125,0,0,0,0.0,8741.167,8742.018,0.0
37,12,1,0,1,0,29389.001953125,22379.03125,0,0,0,19210.4453125,24564.055,24564.889,0.0
26,16,0,0,1,0,48981.671875,53709.67578125,0,0,0,45809.5234375,52185.65,52186.504,0.0
51,12,0,0,0,0,67594.703125,62661.2890625,0,0,0,71669.7421875,64203.883,64204.734,0.0
49,17,0,0,1,0,25470.46875,26854.83984375,0,0,0,29554.53125,26445.445,26446.3,0.0
25,16,1,0,1,0,16653.767578125,17008.064453125,0,0,0,21870.353515625,16915.664,16916.52,0.0
28,14,0,0,0,0,16849.6953125,12174.1943359375,0,0,0,1921.04455566406,13637.287,13638.122,0.0
25,12,0,1,1,0,23511.201171875,21483.87109375,0,0,0,25121.3515625,22136.111,22136.969,0.0
54,12,1,0,0,0,15674.1337890625,25064.515625,0,0,0,20688.171875,22120.545,22121.402,0.0
29,16,0,0,1,0,28409.369140625,32225.806640625,0,0,0,42854.0703125,31020.334,31021.188,0.0
49,8,0,0,1,1,37226.0703125,14322.5810546875,0,0,0,23643.625,20874.36,20875.207,0.0
27,12,1,0,1,0,13714.8681640625,19425.0,0,0,0,25860.21484375,17630.662,17631.518,0.0
40,4,1,0,0,1,2962.41137695312,1933.54833984375,0,0,0,1034.40856933594,2288.499,2289.3347,0.0
46,11,0,0,1,1,26841.955078125,29361.2890625,0,0,0,36943.1640625,28581.078,28581.936,0.0
46,12,0,0,1,0,19394.78125,19201.2109375,0,0,0,20431.048828125,19293.547,19294.402,0.0
28,16,0,0,1,0,52900.203125,59080.64453125,0,0,0,36943.1640625,57091.527,57092.38,0.0
25,11,1,0,0,1,0.0,0.0,1,1,1,0.0,48.34806,49.27735,0.7317517
28,16,0,0,1,0,16653.767578125,15396.7744140625,0,0,0,17437.173828125,15818.777,15819.633,0.0
30,14,0,0,1,0,27429.734375,25780.64453125,0,0,0,31032.2578125,26313.496,26314.352,0.0
46,10,0,0,1,1,28765.955078125,19514.515625,0,0,0,25676.9765625,22380.125,22380.96,0.0
31,4,1,0,0,1,8517.5888671875,4023.2109375,0,0,1,7382.548828125,5351.207,5352.0566,0.0
27,13,0,0,1,0,0.0,0.0,1,1,0,28076.8046875,52.24373,53.17302,0.7676446
29,16,0,0,1,0,28899.185546875,29540.322265625,0,0,0,0.0,29344.09,29344.945,0.0
25,12,0,0,1,0,20572.30078125,20588.7109375,0,0,0,22461.443359375,20594.02,20594.875,0.0
43,12,0,0,1,0,17633.400390625,26854.83984375,0,0,0,28076.8046875,23952.402,23953.258,0.0
50,16,0,0,0,0,39185.3359375,35806.453125,0,0,0,40637.48046875,36893.688,36894.543,0.0
24,13,1,0,1,0,11755.6005859375,10741.9345703125,0,0,0,31097.27734375,11086.821,11087.678,0.0
40,10,0,0,0,1,13616.904296875,10741.9345703125,0,0,0,15368.3564453125,11667.589,11668.426,0.0
44,12,0,0,1,0,26450.1015625,25959.677734375,0,0,0,26746.8515625,26135.732,26136.588,0.0
23,12,1,0,0,0,11328.4814453125,2685.48388671875,0,0,0,29216.1328125,5133.0723,5133.922,0.0
21,13,0,0,1,0,9796.333984375,8593.548828125,0,0,0,28787.591796875,8995.138,8995.983,0.0
27,17,0,0,0,0,0.0,6087.0966796875,1,0,0,7388.6328125,4194.654,4195.51,0.0
43,14,0,0,0,0,29389.001953125,30435.484375,0,0,0,29554.53125,30119.36,30120.213,0.0
33,10,0,0,1,1,8272.0244140625,2619.24194335938,0,0,0,0.0,4253.2695,4254.1187,0.0
30,14,0,0,1,0,16653.767578125,17545.16015625,0,0,0,0.0,17283.645,17284.5,0.0
25,13,1,0,1,0,11931.9345703125,13824.87109375,0,0,0,12656.7275390625,13246.022,13246.879,0.0
33,16,0,0,1,0,41144.6015625,42967.7421875,0,0,0,41080.80078125,42383.71,42384.566,0.0
39,6,1,0,1,1,14694.5009765625,16470.96875,0,0,0,28076.8046875,15931.716,15932.571,0.0
55,16,0,0,1,0,17633.400390625,17903.2265625,0,0,0,22165.8984375,17862.53,17863.387,0.0
32,13,0,0,1,0,15674.1337890625,30435.484375,0,0,0,22018.126953125,25764.82,25765.676,0.0
54,16,0,0,1,0,24686.76171875,26854.83984375,0,0,0,26451.306640625,26200.633,26201.49,0.0
33,12,1,0,0,0,9796.333984375,8951.61328125,0,0,0,0.0,9251.435,9252.29,0.0
30,12,1,0,1,0,43103.87109375,21483.87109375,0,0,0,26599.078125,27771.773,27772.625,0.0
24,12,1,0,0,0,3330.75366210938,4654.8388671875,0,0,0,11821.8134765625,4265.0215,4265.8774,0.0
26,11,1,0,1,1,0.0,1392.85302734375,1,0,1,1460.35998535156,988.5621,989.418,2.081289e-13
35,9,0,0,1,1,17633.400390625,16112.9033203125,0,0,0,17732.71875,16617.26,16618.117,0.0
29,11,1,0,1,1,783.706726074219,0.0,0,1,0,23643.625,257.90286,258.75223,1.732948e-22
22,12,0,0,1,0,23511.201171875,23274.193359375,0,0,0,26155.759765625,23353.709,23354.562,0.0
20,11,0,0,1,1,1567.41345214844,3222.58056640625,0,0,0,2955.453125,2725.8777,2726.7334,0.0
20,12,0,0,1,0,13244.6435546875,8772.5810546875,0,0,0,17289.400390625,10159.538,10160.386,0.0
55,17,1,0,1,0,27429.734375,26854.83984375,0,0,0,17806.60546875,27072.176,27073.031,0.0
22,12,0,0,1,0,15282.28125,19693.548828125,0,0,0,21870.353515625,18305.129,18305.984,0.0
24,11,0,0,1,1,14694.5009765625,15575.8056640625,0,0,0,14777.265625,15312.226,15313.081,0.0
31,12,1,0,1,0,10188.1865234375,8951.61328125,0,0,0,9605.22265625,9372.2295,9373.074,0.0
25,12,1,0,0,0,8816.7001953125,6266.12890625,0,0,0,10344.0859375,7078.0996,7078.9355,0.0
51,8,0,0,1,1,14465.2666015625,21752.419921875,0,0,0,0.0,19472.896,19473.754,0.0
44,16,1,0,1,0,31644.1171875,30621.677734375,0,0,0,23495.853515625,30965.184,30966.04,0.0
52,12,0,0,1,0,33895.31640625,47622.58203125,0,0,0,39011.98046875,43274.645,43275.5,0.0
27,16,0,0,1,0,7053.3603515625,11637.0966796875,0,0,0,25121.3515625,10212.757,10213.612,0.0
22,13,1,0,1,0,11755.6005859375,15217.7421875,0,0,0,0.0,14137.373,14138.2295,0.0
22,10,0,0,1,1,19592.66796875,15217.7421875,0,0,0,0.0,16584.941,16585.775,0.0
19,10,1,0,0,1,0.0,385.274108886719,1,0,1,8124.71484375,293.32938,294.18536,0.0005177613
25,17,0,0,0,0,4996.13037109375,17414.46875,0,0,0,5030.18115234375,13499.444,13500.3,0.0
42,5,1,0,1,1,7837.0673828125,7161.29052734375,0,0,0,14777.265625,7412.254,7413.1104,0.0
28,13,0,0,1,0,24490.8359375,23868.580078125,0,0,0,23495.853515625,24075.762,24076.617,0.0
45,9,1,0,1,1,0.0,0.0,1,1,0,0.0,71.89371,72.823006,0.87003005
34,12,0,0,1,0,0.0,0.0,1,1,0,0.0,59.854,60.78329,0.81734747
53,12,0,0,1,0,17633.400390625,16112.9033203125,0,0,0,19210.4453125,16635.725,16636.582,0.0
28,13,0,0,1,0,24490.8359375,23868.580078125,0,0,0,23495.853515625,24075.762,24076.617,0.0
53,12,0,0,1,0,11755.6005859375,9893.322265625,0,0,0,5172.04296875,10526.143,10526.988,0.0
25,11,1,0,1,1,0.0,0.0,1,1,1,1574.42395019531,49.18348,50.11277,0.7343719
21,12,1,0,0,0,13714.8681640625,13339.6943359375,0,0,0,11651.8740234375,13474.518,13475.372,0.0
29,14,0,0,1,0,19200.814453125,21483.87109375,0,0,0,23052.53515625,20775.648,20776.504,0.0
20,11,0,0,1,1,14694.5009765625,17008.064453125,0,0,0,0.0,16285.401,16286.256,0.0
30,16,0,0,1,0,26450.1015625,28197.580078125,0,0,0,29554.53125,27653.477,27654.332,0.0
35,16,0,0,1,0,24490.8359375,24169.35546875,0,0,0,25638.556640625,24290.193,24291.05,0.0
49,17,0,0,1,0,25470.46875,26854.83984375,0,0,0,29554.53125,26445.445,26446.3,0.0
26,14,0,0,1,0,33503.4609375,36032.03125,0,0,0,34559.58984375,35224.996,35225.85,0.0
25,12,0,0,1,0,26450.1015625,26836.935546875,0,0,0,35465.4375,26717.016,26717.871,0.0
37,9,1,0,0,1,0.0,0.0,1,1,1,1067.50598144531,61.07204,62.00133,0.8202259
54,15,0,0,1,0,23511.201171875,21483.87109375,0,0,0,59109.0625,22164.422,22165.277,0.0
40,11,0,0,1,1,20572.30078125,21483.87109375,0,0,0,27485.71484375,21217.541,21218.398,0.0
31,12,0,0,1,0,0.0,0.0,1,1,0,0.0,56.109154,57.038452,0.79571825
49,16,0,0,1,0,94044.8046875,98467.7421875,0,0,0,73886.328125,97004.414,97005.27,0.0
23,12,0,0,0,0,13714.8681640625,10741.9345703125,0,0,0,15959.447265625,11683.058,11683.894,0.0
44,14,0,0,1,0,48981.671875,48338.7109375,0,0,0,50242.703125,48536.883,48537.74,0.0
22,12,1,0,1,0,1269.60485839844,0.0,0,1,0,0.0,384.88272,385.7321,5.574363e-37
19,10,1,0,0,1,0.0,0.0,1,1,1,3228.5029296875,39.730667,40.65996,0.66946584
34,13,0,0,1,0,34483.09765625,31509.677734375,0,0,0,33396.62109375,32457.363,32458.223,0.0
27,13,1,0,0,0,0.0,0.0,1,1,1,14581.8603515625,52.211098,53.14039,0.76418346
45,16,0,0,1,0,0.0,0.0,1,1,0,0.0,78.09592,79.025215,0.889764
31,9,1,0,0,1,0.0,1698.60705566406,1,0,1,10363.26953125,1198.674,1199.53,4.049948e-16
43,12,0,0,1,0,39185.3359375,36701.61328125,0,0,0,45809.5234375,37494.645,37495.5,0.0
27,15,0,0,1,0,7445.2138671875,10741.9345703125,0,0,0,18471.58203125,9725.397,9726.254,0.0
33,10,0,0,1,1,8272.0244140625,2619.24194335938,0,0,0,0.0,4253.2695,4254.1187,0.0
36,16,0,0,0,0,27429.734375,30256.451171875,0,0,0,30736.712890625,29372.402,29373.262,0.0
41,10,0,1,1,1,7562.77001953125,9134.2255859375,0,0,0,11821.8134765625,8674.978,8675.833,0.0
50,8,0,0,1,1,23511.201171875,25243.548828125,0,0,0,26155.759765625,24718.346,24719.203,0.0
28,6,0,0,1,1,13734.4599609375,6395.0322265625,0,0,0,10048.541015625,8537.493,8538.343,0.0
51,7,0,0,1,1,3291.56811523438,8951.61328125,0,0,0,0.0,7202.6484,7203.5044,0.0
32,14,0,0,1,0,30368.634765625,24169.35546875,0,0,0,22165.8984375,26107.918,26108.752,0.0
47,7,0,0,1,1,27821.58984375,27929.03125,0,0,0,28925.01953125,27911.465,27912.322,0.0
45,6,1,0,1,1,7837.0673828125,8951.61328125,0,0,0,9605.22265625,8636.89,8637.746,0.0
24,12,1,0,0,0,13765.75,2842.76391601562,0,0,1,6167.68115234375,5919.583,5920.4326,0.0
27,13,1,0,0,0,0.0,0.0,1,1,1,34099.28125,52.211098,53.14039,0.76418346
46,8,1,0,1,1,13714.8681640625,7089.67724609375,0,0,0,0.0,9065.946,9066.796,0.0
45,17,0,0,1,0,0.0,16112.9033203125,1,0,0,17732.71875,11048.795,11049.651,0.0
33,14,0,0,1,0,27429.734375,25959.677734375,0,0,0,24382.48828125,26438.268,26439.125,0.0
23,16,0,0,1,0,14694.5009765625,19693.548828125,0,0,0,29554.53125,18123.908,18124.766,0.0
35,12,0,0,1,0,29422.310546875,28645.16015625,0,0,0,29554.53125,28900.613,28901.469,0.0
37,13,0,0,1,0,25470.46875,30435.484375,0,0,0,32509.984375,28872.514,28873.371,0.0
50,7,1,0,1,1,13714.8681640625,12532.2578125,0,0,0,16254.9921875,12946.183,12947.038,0.0
30,12,0,0,1,0,24490.8359375,25064.515625,0,0,0,29554.53125,24892.113,24892.969,0.0
27,12,0,0,1,0,30760.48828125,25064.515625,0,0,0,31908.55078125,26845.416,26846.25,0.0
34,11,0,0,1,1,0.0,19693.548828125,1,0,0,14777.265625,13475.394,13476.249,0.0
19,11,1,0,0,1,0.0,0.0,1,1,1,7458.10498046875,40.858368,41.787663,0.6739404
21,9,1,0,0,1,13127.087890625,16327.7421875,0,0,0,8866.359375,15323.68,15324.536,0.0
25,16,0,0,0,0,39185.3359375,0.0,0,1,0,23389.455078125,10800.854,10801.703,0.0
42,12,1,0,1,0,14988.390625,11185.9345703125,0,0,0,0.0,12396.615,12397.45,0.0
53,8,1,0,1,1,15086.353515625,15649.2099609375,0,0,0,12921.2412109375,15509.981,15510.839,0.0
27,14,0,0,1,0,6269.65380859375,0.0,0,1,0,26007.98828125,1763.8875,1764.7368,0.0
33,12,0,0,1,0,22531.568359375,26496.7734375,0,0,0,24973.578125,25250.895,25251.75,0.0
28,14,0,0,1,0,6739.8779296875,7877.41943359375,0,0,0,13742.857421875,7548.3433,7549.199,0.0
44,12,0,0,1,0,34091.2421875,32046.7734375,0,0,0,35465.4375,32707.426,32708.283,0.0
23,14,0,0,0,0,22139.71484375,18798.38671875,0,0,0,41376.34375,19858.914,19859.762,0.0
30,12,0,0,1,0,1959.26684570312,1790.32263183594,0,0,0,1477.7265625,1882.2145,1883.0598,0.0
32,10,0,0,1,1,23025.302734375,21483.87109375,0,0,0,33987.7109375,21986.422,21987.277,0.0
42,11,0,0,1,1,35266.80078125,44758.06640625,0,0,0,38420.890625,41746.32,41747.18,0.0
25,16,0,0,1,0,19200.814453125,22558.064453125,0,0,0,33396.62109375,21506.676,21507.531,0.0
42,6,0,1,1,1,10775.966796875,22558.064453125,0,0,0,11821.8134765625,18844.219,18845.074,0.0
28,6,0,0,1,1,13734.4599609375,6395.0322265625,0,0,0,10048.541015625,8537.493,8538.343,0.0
22,12,0,0,1,0,27233.80859375,14322.5810546875,0,0,0,32509.984375,18108.227,18109.074,0.0
47,6,1,0,1,1,10775.966796875,8056.45166015625,0,0,0,0.0,8936.604,8937.44,0.0
28,15,1,0,0,0,7445.2138671875,0.0,0,1,0,12708.44921875,2088.5151,2089.3643,0.0
21,12,1,0,1,0,15674.1337890625,16112.9033203125,0,0,0,11821.8134765625,15987.218,15988.073,0.0
19,10,0,0,0,1,0.0,5324.10888671875,1,0,1,13829.6201171875,3660.7104,3661.5667,0.0
54,8,0,1,1,1,14302.6484375,0.0,0,1,0,8866.359375,3990.726,3991.5757,0.0
52,4,1,0,1,1,5877.80029296875,11637.0966796875,0,0,0,22165.8984375,9851.858,9852.714,0.0
53,12,0,0,1,0,26450.1015625,25064.515625,0,0,0,26007.98828125,25533.303,25534.16,0.0
27,16,0,0,1,0,36246.4375,0.0,0,1,0,0.0,9996.63,9997.4795,0.0
34,16,0,0,1,0,35266.80078125,39387.09765625,0,0,0,41671.890625,38080.8,38081.656,0.0
24,13,1,0,1,0,18881.453125,16112.9033203125,0,0,0,12560.67578125,16998.83,16999.676,0.0
23,12,1,0,1,0,19592.66796875,23274.193359375,0,0,0,21427.03515625,22114.035,22114.89,0.0
23,10,1,0,1,1,0.0,936.438598632812,1,0,1,11233.259765625,673.6035,674.4594,3.9795682e-09
33,9,0,0,1,1,12735.234375,6266.12890625,0,0,0,8866.359375,8175.6064,8176.456,0.0
25,13,1,0,0,0,10246.96484375,15396.7744140625,0,0,0,12486.7900390625,13783.423,13784.278,0.0
26,17,0,0,0,0,4173.23828125,11637.0966796875,0,0,0,9457.4501953125,9299.71,9300.565,0.0
44,16,0,0,1,0,31348.26953125,30435.484375,0,0,0,19210.4453125,30743.764,30744.621,0.0
24,17,0,0,1,0,1371.48681640625,0.0,0,1,0,24825.806640625,419.1641,420.01346,0.0
53,8,0,0,1,1,20964.154296875,22033.5,0,0,0,23195.873046875,21725.049,21725.906,0.0
33,16,0,0,1,0,25078.615234375,26854.83984375,0,0,0,24448.986328125,26306.004,26306.86,0.0
32,13,1,0,1,0,33307.53515625,37596.7734375,0,0,0,46891.21875,36235.094,36235.95,0.0
27,12,0,0,0,0,22139.71484375,25422.580078125,0,0,0,61768.97265625,24388.02,24388.875,0.0
34,12,1,0,0,0,18848.146484375,30435.484375,0,0,0,12560.67578125,26770.93,26771.785,0.0
40,17,0,0,1,0,0.0,0.0,1,1,0,0.0,72.98221,73.9115,0.8673125
32,16,1,0,1,0,15282.28125,19693.548828125,0,0,0,28076.8046875,18318.867,18319.725,0.0
49,12,0,0,1,0,10231.291015625,11082.0966796875,0,0,0,6537.46240234375,10856.525,10857.382,0.0
20,12,0,0,1,0,5182.2607421875,6266.12890625,0,0,0,15244.2265625,5946.9014,5947.758,0.0
28,16,1,0,1,0,20082.484375,19335.484375,0,0,0,21279.263671875,19591.69,19592.545,0.0
36,12,1,0,1,0,41732.3828125,37596.7734375,0,0,0,31032.2578125,38906.42,38907.277,0.0
20,15,0,0,1,0,17437.474609375,8056.45166015625,0,0,0,18471.58203125,10784.024,10784.874,0.0
42,6,0,0,1,1,23511.201171875,17903.2265625,0,0,0,23643.625,19659.486,19660.322,0.0
28,12,0,0,1,0,23511.201171875,16112.9033203125,0,0,0,0.0,18400.727,18401.562,0.0
20,9,1,0,0,1,6083.994140625,0.0,0,1,1,8881.6650390625,1701.7584,1702.6077,0.0
19,8,1,0,0,1,0.0,2657.05688476562,1,0,1,9970.6806640625,1840.5615,1841.4176,9.018156e-26
42,8,0,0,1,1,23511.201171875,18798.38671875,0,0,0,26569.5234375,20287.043,20287.879,0.0
22,12,0,0,1,0,14694.5009765625,16829.03125,0,0,0,21870.353515625,16165.437,16166.293,0.0
22,9,1,0,1,1,11708.578125,10419.6767578125,0,0,0,9079.15234375,10845.56,10846.405,0.0
47,12,1,0,1,0,13714.8681640625,12433.7900390625,0,0,0,14777.265625,12880.777,12881.632,0.0
25,12,1,0,0,0,0.0,0.0,1,1,1,2348.97290039062,48.58683,49.51612,0.7432584
27,6,0,0,1,1,9992.2607421875,11637.0966796875,0,0,0,13299.5390625,11134.197,11135.053,0.0
45,9,0,0,1,1,0.0,313.306457519531,1,0,0,4063.748046875,266.55826,267.41425,0.028137466
21,12,1,0,0,0,0.0,0.0,1,1,1,9983.7841796875,43.593704,44.522995,0.70640683
33,6,1,0,1,1,11739.9267578125,5958.193359375,0,0,0,9788.4609375,7672.1567,7673.006,0.0
27,12,1,0,1,0,3670.8720703125,334.049285888672,0,0,1,0.0,1295.6091,1296.4585,0.0
32,14,1,0,1,0,19592.66796875,12335.3232421875,0,0,0,14777.265625,14552.3545,14553.202,0.0
32,7,0,0,1,1,13714.8681640625,17008.064453125,0,0,0,19613.865234375,15981.716,15982.573,0.0
23,12,1,0,1,0,9169.3681640625,8271.2900390625,0,0,0,10403.1953125,8580.339,8581.185,0.0
38,12,0,0,1,0,23511.201171875,23274.193359375,0,0,0,25121.3515625,23368.002,23368.857,0.0
55,12,0,0,1,0,35266.80078125,32225.806640625,0,0,0,25860.21484375,33211.734,33212.59,0.0
44,16,0,0,1,0,31348.26953125,30435.484375,0,0,0,33987.7109375,30743.764,30744.621,0.0
26,10,0,0,0,1,12000.5087890625,14322.5810546875,0,0,0,17732.71875,13604.124,13604.9795,0.0
35,11,1,0,1,1,11755.6005859375,8951.61328125,0,0,0,0.0,9852.075,9852.911,0.0
33,11,1,0,0,1,0.0,7867.916015625,1,0,1,6281.43310546875,5409.7456,5410.6016,0.0
47,12,0,0,1,0,0.0,0.0,1,1,0,0.0,76.081665,77.01096,0.8908698
19,10,1,0,0,1,4702.240234375,3437.41943359375,0,0,0,2364.36254882812,3851.805,3852.6406,0.0
38,9,1,0,1,1,4228.09765625,7941.87109375,0,0,0,11245.4990234375,6801.862,6802.718,0.0
40,16,0,0,1,0,35266.80078125,44758.06640625,0,0,0,56153.609375,41748.96,41749.816,0.0
24,17,0,0,1,0,1371.48681640625,0.0,0,1,0,24825.806640625,419.1641,420.01346,0.0
44,7,1,0,1,1,11967.2021484375,14566.0654296875,0,0,0,14147.75390625,13774.189,13775.046,0.0
52,10,0,0,1,1,13714.8681640625,12174.1943359375,0,0,0,23643.625,12704.581,12705.427,0.0
43,10,0,0,1,1,5877.80029296875,17903.2265625,0,0,0,20688.171875,14122.489,14123.346,0.0
41,12,0,0,1,0,11167.8212890625,10741.9345703125,0,0,0,12412.9033203125,10914.07,10914.925,0.0
38,3,1,0,1,1,3722.60693359375,5729.0322265625,0,0,0,17732.71875,5126.5366,5127.3926,0.0
53,16,0,0,1,0,68574.3359375,39387.09765625,0,0,0,67236.5625,48035.03,48035.883,0.0
47,10,0,0,1,1,15674.1337890625,19693.548828125,0,0,0,22165.8984375,18450.227,18451.084,0.0
43,3,1,0,1,1,17.6334018707275,0.0,0,1,0,0.0,66.54178,67.56166,0.72537124
30,14,0,0,1,0,13323.013671875,14322.5810546875,0,0,0,14777.265625,14030.864,14031.721,0.0
22,12,0,0,0,0,15674.1337890625,11637.0966796875,0,0,0,20688.171875,12899.502,12900.339,0.0
41,8,0,0,1,1,20572.30078125,22379.03125,0,0,0,19633.07421875,21825.84,21826.695,0.0
42,11,1,0,0,1,14694.5009765625,15217.7421875,0,0,0,11821.8134765625,15084.017,15084.873,0.0
55,17,1,0,1,0,27429.734375,26854.83984375,0,0,0,17806.60546875,27072.176,27073.031,0.0
39,9,1,0,1,1,10580.041015625,9667.7421875,0,0,0,11821.8134765625,9991.868,9992.725,0.0
29,12,1,0,1,0,22531.568359375,18619.35546875,0,0,0,23643.625,19858.152,19858.988,0.0
23,12,1,0,0,0,11328.4814453125,2685.48388671875,0,0,0,29216.1328125,5133.0723,5133.922,0.0
25,12,0,0,1,0,23119.34765625,24074.46875,0,0,0,25195.23828125,23778.02,23778.873,0.0
53,8,1,0,1,1,15086.353515625,15649.2099609375,0,0,0,12921.2412109375,15509.981,15510.839,0.0
44,14,0,0,1,0,32719.755859375,29540.322265625,0,0,0,26952.255859375,30565.707,30566.562,0.0
33,12,0,0,1,0,2351.1201171875,0.0,0,1,0,2770.7373046875,691.7004,692.54974,0.0
37,15,1,0,0,0,21551.935546875,19210.16015625,0,0,0,17732.71875,19975.87,19976.715,0.0
54,13,0,0,1,0,0.0,0.0,1,1,0,0.0,85.94734,86.87663,0.9200965
25,15,0,0,1,0,17633.400390625,16112.9033203125,0,0,0,18619.35546875,16613.773,16614.63,0.0
26,12,1,0,1,0,15411.5927734375,8951.61328125,0,0,0,11082.94921875,10893.385,10894.234,0.0
25,12,0,0,1,0,13291.666015625,14202.62890625,0,0,0,14777.265625,13932.622,13933.4795,0.0
24,13,1,0,0,0,17633.400390625,25064.515625,0,0,0,22165.8984375,22715.41,22716.268,0.0
54,3,1,0,1,1,0.0,0.0,1,1,0,0.0,76.107666,77.13823,0.89986056
44,14,0,0,1,0,48981.671875,48338.7109375,0,0,0,50242.703125,48536.883,48537.74,0.0
21,9,1,0,0,1,0.0,0.0,1,1,1,0.0,41.099525,42.02882,0.6852419
51,11,0,0,1,1,23511.201171875,25780.64453125,0,0,0,27190.169921875,25088.578,25089.434,0.0
27,16,0,0,1,0,15674.1337890625,14322.5810546875,0,0,0,22165.8984375,14775.0,14775.856,0.0
37,12,0,0,1,0,27429.734375,28645.16015625,0,0,0,0.0,28271.203,28272.059,0.0
51,12,0,0,0,0,67594.703125,62661.2890625,0,0,0,71669.7421875,64203.883,64204.734,0.0
55,11,0,0,1,1,31048.501953125,31053.14453125,0,0,0,28076.8046875,31075.43,31076.285,0.0
44,14,0,0,1,0,39185.3359375,35806.453125,0,0,0,35465.4375,36887.113,36887.97,0.0
49,17,0,0,1,0,25470.46875,26854.83984375,0,0,0,29554.53125,26445.445,26446.3,0.0
21,12,1,0,1,0,15674.1337890625,19693.548828125,0,0,0,19210.4453125,18429.088,18429.943,0.0
26,12,1,0,1,0,21116.978515625,22379.03125,0,0,0,25121.3515625,21989.11,21989.965,0.0
40,12,0,0,1,0,27429.734375,27008.806640625,0,0,0,25440.541015625,27157.95,27158.805,0.0
42,16,0,0,1,0,39185.3359375,37596.7734375,0,0,0,47287.25,38108.3,38109.156,0.0
35,9,0,0,1,1,17633.400390625,16112.9033203125,0,0,0,17732.71875,16617.26,16618.117,0.0
23,11,1,0,1,1,17116.154296875,10741.9345703125,0,0,0,8866.359375,12682.696,12683.546,0.0
23,10,1,0,0,1,0.0,0.0,1,1,1,7693.39990234375,44.723793,45.653084,0.7090445
25,17,0,0,1,0,11755.6005859375,12621.7744140625,0,0,0,28963.44140625,12373.055,12373.911,0.0
27,12,0,1,1,0,9698.37109375,11279.0322265625,0,0,0,14038.40234375,10803.019,10803.875,0.0
27,13,1,0,1,0,6857.43359375,4096.25830078125,0,0,0,24514.005859375,4954.757,4955.6064,0.0
47,12,0,0,1,0,30368.634765625,23274.193359375,0,0,0,25860.21484375,25493.938,25494.773,0.0
30,10,1,0,1,1,22335.642578125,0.0,0,1,0,121173.578125,6175.3555,6176.205,0.0
19,11,1,0,0,1,2305.02587890625,2615.27587890625,0,0,1,4146.60302734375,2544.379,2545.2349,0.0
44,13,0,0,1,0,21679.287109375,21918.919921875,0,0,0,22165.8984375,21869.83,21870.688,0.0
21,12,0,0,1,0,11755.6005859375,10741.9345703125,0,0,0,6649.76953125,11082.396,11083.253,0.0
37,8,0,0,1,1,21481.400390625,14322.5810546875,0,0,0,23643.625,16539.85,16540.7,0.0
28,15,0,0,1,0,15674.1337890625,13785.484375,0,0,0,15959.447265625,14405.253,14406.099,0.0
32,12,0,0,1,0,15674.1337890625,14322.5810546875,0,0,0,13299.5390625,14775.385,14776.24,0.0
23,12,1,0,1,0,15870.060546875,30435.484375,0,0,0,27781.259765625,25818.547,25819.406,0.0
36,9,0,0,1,1,0.0,0.0,1,1,0,0.0,59.85639,60.785683,0.81621915
36,17,0,0,1,0,29389.001953125,34911.2890625,0,0,0,32509.984375,33169.33,33170.188,0.0
27,12,0,0,0,0,25470.46875,21483.87109375,0,0,0,25121.3515625,22744.47,22745.316,0.0
24,10,1,0,1,1,14482.900390625,10741.9345703125,0,0,0,11821.8134765625,11916.073,11916.91,0.0
39,12,0,0,0,0,23511.201171875,31509.677734375,0,0,0,15516.12890625,28984.367,28985.225,0.0
27,14,1,0,0,0,19592.66796875,25064.515625,0,0,0,28815.66796875,23339.758,23340.613,0.0
47,11,0,0,1,1,32719.755859375,30435.484375,0,0,0,36943.1640625,31176.473,31177.326,0.0
27,11,1,0,1,1,7837.0673828125,5370.9677734375,0,0,0,7388.6328125,6158.8955,6159.7305,0.0
26,14,0,0,1,0,23511.201171875,22020.96875,0,0,0,22165.8984375,22504.668,22505.523,0.0
53,5,0,0,1,1,23511.201171875,17903.2265625,0,0,0,20215.30078125,19668.475,19669.31,0.0
32,11,1,0,0,1,0.0,0.0,1,1,1,8472.158203125,57.086037,58.015327,0.7903836
43,17,0,0,1,0,49961.3046875,48338.7109375,0,0,0,51424.88671875,48849.375,48850.227,0.0
32,10,0,0,1,1,43103.87109375,39387.09765625,0,0,0,36943.1640625,40556.15,40557.008,0.0
26,12,0,0,1,0,16653.767578125,17903.2265625,0,0,0,17732.71875,17522.219,17523.074,0.0
37,12,0,0,1,0,0.0,0.0,1,1,0,0.0,63.598846,64.52814,0.83715516
21,11,0,1,1,1,9992.2607421875,4114.1611328125,0,0,0,17732.71875,5821.706,5822.5557,0.0
23,12,0,0,1,0,17633.400390625,21546.53125,0,0,0,4433.1796875,20314.46,20315.318,0.0
35,7,0,0,1,1,13127.087890625,12711.2900390625,0,0,0,13447.3115234375,12867.958,12868.813,0.0
45,12,0,0,1,0,35266.80078125,38366.61328125,0,0,0,38420.890625,37390.61,37391.465,0.0
21,12,1,0,1,0,9796.333984375,4296.7744140625,0,0,0,14777.265625,5903.2646,5904.114,0.0
40,5,1,0,1,1,10188.1865234375,12174.1943359375,0,0,0,0.0,11573.86,11574.717,0.0
26,12,0,0,1,0,21551.935546875,15217.7421875,0,0,0,26599.078125,17181.566,17182.402,0.0
25,11,0,0,0,1,0.0,0.0,1,1,1,18783.349609375,47.545277,48.47457,0.73291117
45,12,0,0,1,0,48981.671875,50487.09765625,0,0,0,46548.38671875,50000.86,50001.71,0.0
46,12,0,0,1,0,29389.001953125,27033.87109375,0,0,0,27781.259765625,27801.047,27801.902,0.0
18,10,1,0,0,1,0.0,0.0,1,1,1,11163.169921875,38.482384,39.41168,0.6591538
44,11,1,0,1,1,3918.53369140625,5370.9677734375,0,0,0,2955.453125,4957.938,4958.794,0.0
23,12,1,0,1,0,19592.66796875,23274.193359375,0,0,0,21427.03515625,22114.035,22114.89,0.0
23,9,1,0,0,1,0.0,0.0,1,1,0,218.703536987305,43.596092,44.525383,0.7048407
55,13,0,1,1,0,0.0,0.0,1,1,0,0.0,87.74812,88.677414,0.91862494
31,12,0,0,1,0,19592.66796875,21483.87109375,0,0,0,25121.3515625,20899.523,20900.379,0.0
46,6,1,0,0,1,5838.615234375,9678.484375,0,0,0,7873.3271484375,8499.598,8500.454,0.0
24,12,1,0,0,0,22531.568359375,26854.83984375,0,0,0,29554.53125,25486.941,25487.797,0.0
27,11,1,0,0,1,0.0,0.0,1,1,1,0.0,50.844627,51.77392,0.7495131
47,17,0,0,0,0,31348.26953125,29540.322265625,0,0,0,29258.986328125,30136.168,30137.025,0.0
43,13,1,0,1,0,24490.8359375,34016.12890625,0,0,0,39898.6171875,31010.145,31011.0,0.0
34,12,0,0,1,0,14498.57421875,14322.5810546875,0,0,0,10048.541015625,14404.784,14405.642,0.0
20,12,0,0,1,0,5182.2607421875,6266.12890625,0,0,0,15244.2265625,5946.9014,5947.758,0.0
47,6,1,0,1,1,10775.966796875,8056.45166015625,0,0,0,0.0,8936.604,8937.44,0.0
32,14,0,0,1,0,31818.4921875,31330.64453125,0,0,0,70930.875,31490.426,31491.283,0.0
27,12,0,0,0,0,22139.71484375,25422.580078125,0,0,0,61768.97265625,24388.02,24388.875,0.0
28,14,0,0,0,0,29389.001953125,35448.38671875,0,0,0,33987.7109375,33524.58,33525.43,0.0
43,10,1,0,1,1,3918.53369140625,2148.38720703125,0,0,0,0.0,2719.862,2720.7114,0.0
26,12,1,0,0,0,0.0,0.0,1,1,1,10747.349609375,49.835114,50.764404,0.75198334
35,12,0,0,1,0,19592.66796875,19693.548828125,0,0,0,22535.330078125,19682.16,19683.018,0.0
20,13,0,1,0,0,9404.48046875,0.0,0,1,0,8275.2685546875,2616.792,2617.6414,0.0
21,13,0,0,1,0,18417.107421875,8951.61328125,0,0,0,27337.94140625,11714.155,11715.005,0.0
52,7,1,0,0,1,293.890014648438,5012.9033203125,0,0,0,0.0,3567.795,3568.651,0.0
23,12,1,0,1,0,19592.66796875,17008.064453125,0,0,0,22165.8984375,17834.936,17835.781,0.0
21,12,0,0,1,0,8867.6416015625,14995.7421875,0,0,0,17732.71875,13068.507,13069.363,0.0
30,11,1,0,1,1,19592.66796875,24547.11328125,0,0,0,22165.8984375,22988.031,22988.887,0.0
33,17,0,0,1,0,54859.46875,46548.38671875,0,0,0,76841.78125,49146.688,49147.53,0.0
30,13,0,0,1,0,62696.5390625,75193.546875,0,0,0,70930.875,71181.89,71182.75,0.0
28,14,0,0,1,0,6739.8779296875,7877.41943359375,0,0,0,13742.857421875,7548.3433,7549.199,0.0
25,14,0,0,1,0,28409.369140625,30435.484375,0,0,0,10935.1767578125,29793.781,29794.637,0.0
45,12,0,0,1,0,28589.62109375,28263.822265625,0,0,0,29258.986328125,28385.715,28386.568,0.0
29,16,0,0,1,0,28899.185546875,29540.322265625,0,0,0,0.0,29344.09,29344.945,0.0
29,10,1,0,1,1,8659.958984375,10892.3232421875,0,0,0,51.7204284667969,10210.843,10211.699,0.0
29,12,0,0,1,0,17241.548828125,19686.38671875,0,0,0,33544.39453125,18927.145,18927.998,0.0
48,16,0,0,1,0,48981.671875,50129.03125,0,0,0,48764.9765625,49763.43,49764.285,0.0
47,17,0,0,1,0,36246.4375,34016.12890625,0,0,0,35465.4375,34740.95,34741.805,0.0
50,13,0,0,1,0,29389.001953125,29540.322265625,0,0,0,28076.8046875,29514.947,29515.807,0.0
25,13,0,0,1,0,23511.201171875,23456.806640625,0,0,0,26007.98828125,23481.943,23482.8,0.0
28,16,0,0,1,0,52900.203125,59080.64453125,0,0,0,36943.1640625,57091.527,57092.38,0.0
50,16,0,0,0,0,22629.53125,19693.548828125,0,0,0,17732.71875,20654.742,20655.586,0.0
24,8,1,0,1,1,9008.708984375,13033.5478515625,0,0,0,16254.9921875,11775.048,11775.904,0.0
51,16,0,0,1,0,41144.6015625,44758.06640625,0,0,0,48764.9765625,43620.723,43621.58,0.0
26,10,1,0,0,1,0.0,0.0,1,1,1,9265.7880859375,48.46864,49.39793,0.7368153
23,12,0,0,1,0,14498.57421875,19335.484375,0,0,0,19210.4453125,17813.576,17814.432,0.0
43,3,0,0,1,1,15086.353515625,15933.87109375,0,0,0,14038.40234375,15689.351,15690.206,0.0
52,12,0,0,0,0,31348.26953125,32225.806640625,0,0,0,32509.984375,31966.938,31967.795,0.0
27,13,0,0,1,0,0.0,0.0,1,1,0,28076.8046875,52.24373,53.17302,0.7676446
26,12,0,0,1,0,17633.400390625,16112.9033203125,0,0,0,25121.3515625,16611.605,16612.463,0.0
53,8,0,0,1,1,0.0,0.0,1,1,0,0.0,79.94948,80.87878,0.90523565
20,12,0,0,1,0,13902.95703125,14322.5810546875,0,0,0,19653.763671875,14203.601,14204.457,0.0
20,14,0,0,0,0,15674.1337890625,17008.064453125,0,0,0,26599.078125,16597.281,16598.14,0.0
27,13,0,0,0,0,23511.201171875,21483.87109375,0,0,0,22165.8984375,22137.434,22138.29,0.0
31,17,0,0,1,0,31348.26953125,26854.83984375,0,0,0,32509.984375,28279.154,28280.0,0.0
36,12,0,0,1,0,12147.4541015625,13964.515625,0,0,0,13299.5390625,13417.608,13418.465,0.0
28,17,0,0,1,0,25607.6171875,18091.2109375,0,0,0,22165.8984375,20421.348,20422.184,0.0
26,8,1,0,1,1,5681.87353515625,4296.7744140625,0,0,0,7093.08740234375,4753.432,4754.268,0.0
22,12,0,0,1,0,8816.7001953125,9939.87109375,0,0,0,15486.5751953125,9605.344,9606.199,0.0
33,9,1,0,1,1,19396.740234375,16112.9033203125,0,0,0,19210.4453125,17161.027,17161.863,0.0
27,14,1,0,0,0,13812.8310546875,17036.7109375,0,0,0,20688.171875,16034.181,16035.038,0.0
37,11,1,0,1,1,29389.001953125,21483.87109375,0,0,0,13063.1025390625,23938.135,23938.969,0.0
28,16,0,0,1,0,24490.8359375,26460.96875,0,0,0,45809.5234375,25846.738,25847.594,0.0
24,12,0,0,1,0,16849.6953125,18619.35546875,0,0,0,25121.3515625,18070.871,18071.727,0.0
43,12,0,0,1,0,27233.80859375,25064.515625,0,0,0,29554.53125,25772.629,25773.484,0.0
44,11,1,0,0,1,5172.46435546875,6266.12890625,0,0,0,0.0,5964.792,5965.6475,0.0
47,10,0,0,1,1,23236.904296875,17903.2265625,0,0,0,35364.953125,19585.053,19585.887,0.0
25,12,1,0,0,0,14426.7900390625,2409.27392578125,0,0,1,0.0,5781.356,5782.206,0.0
52,9,0,0,1,1,19592.66796875,16112.9033203125,0,0,0,24045.56640625,17236.75,17237.586,0.0
25,12,0,0,1,0,20572.30078125,20588.7109375,0,0,0,22461.443359375,20594.02,20594.875,0.0
37,17,0,0,1,0,82289.203125,85040.3203125,0,0,0,110829.4921875,84113.82,84114.68,0.0
55,10,0,0,1,1,21551.935546875,19693.548828125,0,0,0,14777.265625,20319.309,20320.164,0.0
45,12,0,0,1,0,23511.201171875,21483.87109375,0,0,0,0.0,22153.32,22154.176,0.0
31,17,0,0,1,0,23903.0546875,25601.61328125,0,0,0,27042.396484375,25078.195,25079.05,0.0
38,9,0,0,1,1,29976.78125,25064.515625,0,0,0,47287.25,26616.438,26617.273,0.0
33,16,0,0,1,0,19592.66796875,19335.484375,0,0,0,26599.078125,19440.27,19441.125,0.0
34,17,0,0,0,0,10580.041015625,7161.29052734375,0,0,0,5910.90625,8248.623,8249.458,0.0
21,13,0,0,1,0,15674.1337890625,15933.87109375,0,0,0,25121.3515625,15865.419,15866.276,0.0
38,10,1,0,1,1,5877.80029296875,0.0,0,1,0,0.0,1664.1978,1665.0471,0.0
25,11,0,0,1,1,12735.234375,21483.87109375,0,0,0,8204.337890625,18721.56,18722.416,0.0
20,12,0,0,1,0,13244.6435546875,8772.5810546875,0,0,0,17289.400390625,10159.538,10160.386,0.0
25,15,0,0,1,0,17633.400390625,16112.9033203125,0,0,0,18619.35546875,16613.773,16614.63,0.0
28,12,0,0,1,0,20376.375,17903.2265625,0,0,0,32509.984375,18699.16,18700.008,0.0
22,9,0,1,0,1,0.0,0.0,1,1,1,3595.89404296875,42.097527,43.02682,0.6822285
47,11,1,0,1,1,11755.6005859375,10741.9345703125,0,0,0,14260.060546875,11106.003,11106.86,0.0
22,12,1,0,1,0,9796.333984375,10741.9345703125,0,0,0,11162.7470703125,10463.368,10464.226,0.0
22,11,1,0,0,1,5485.94677734375,13427.4189453125,0,0,0,8866.359375,10928.181,10929.037,0.0
28,16,0,0,1,0,23511.201171875,22379.03125,0,0,0,27337.94140625,22752.684,22753.54,0.0
31,12,1,0,1,0,22727.494140625,1503.87097167969,0,0,0,27781.259765625,7397.2217,7398.0703,0.0
54,12,0,0,1,0,15674.1337890625,25064.515625,0,0,0,0.0,22120.646,22121.504,0.0
55,14,0,0,1,0,0.0,0.0,1,1,0,0.0,88.323326,89.252625,0.9248534
25,16,0,0,1,0,4604.27685546875,2954.0322265625,0,0,0,0.0,3491.5625,3492.4116,0.0
27,12,1,0,1,0,19592.66796875,17724.193359375,0,0,0,25121.3515625,18332.71,18333.566,0.0
27,16,0,0,1,0,1469.45007324219,1253.22583007812,0,0,0,4363.7265625,1361.0618,1361.907,0.0
26,12,0,0,1,0,11755.6005859375,14322.5810546875,0,0,0,17732.71875,13528.733,13529.589,0.0
25,12,1,0,1,0,13714.8681640625,8235.484375,0,0,0,17732.71875,9896.78,9897.63,0.0
27,10,1,0,1,1,0.0,0.0,1,1,1,18739.9296875,50.552338,51.48163,0.7482152
54,13,0,0,1,0,0.0,0.0,1,1,0,0.0,85.94734,86.87663,0.9200965
41,10,1,0,1,1,10090.2236328125,14757.62890625,0,0,0,9752.9951171875,13310.632,13311.488,0.0
48,8,0,0,1,1,25470.46875,0.0,0,1,0,13299.5390625,7050.632,7051.4814,0.0
49,11,0,0,1,1,25470.46875,25064.515625,0,0,0,25121.3515625,25219.062,25219.922,0.0
25,12,1,0,0,0,0.0,0.0,1,1,1,11965.8095703125,48.58683,49.51612,0.7432584
23,14,0,0,1,0,11755.6005859375,11637.0966796875,0,0,0,25121.3515625,11696.692,11697.548,0.0
38,11,0,0,1,1,14694.5009765625,14322.5810546875,0,0,0,28076.8046875,14470.079,14470.935,0.0
25,13,0,0,1,0,25470.46875,18798.38671875,0,0,0,23643.625,20867.57,20868.404,0.0
29,12,0,0,1,0,10775.966796875,12532.2578125,0,0,0,25860.21484375,12000.155,12001.011,0.0
37,9,1,0,0,1,0.0,0.0,1,1,1,1067.50598144531,61.07204,62.00133,0.8202259
28,11,0,0,1,1,24098.982421875,24169.35546875,0,0,0,35465.4375,24155.387,24156.242,0.0
22,14,0,0,1,0,22682.431640625,24706.451171875,0,0,0,20688.171875,24069.965,24070.82,0.0
25,11,1,0,1,1,17633.400390625,21483.87109375,0,0,0,26599.078125,20273.896,20274.752,0.0
25,16,0,0,1,0,19592.66796875,17903.2265625,0,0,0,25712.44140625,18456.377,18457.23,0.0
50,17,0,0,1,0,42124.234375,0.0,0,1,0,70930.875,11633.548,11634.397,0.0
34,12,0,0,1,0,29389.001953125,30793.548828125,0,0,0,31180.03125,30354.29,30355.146,0.0
48,16,0,0,1,0,54859.46875,53709.67578125,0,0,0,73886.328125,54067.234,54068.094,0.0
26,13,0,0,1,0,22531.568359375,22379.03125,0,0,0,37238.7109375,22437.512,22438.367,0.0
46,14,0,0,1,0,41144.6015625,30256.451171875,0,0,0,35465.4375,33629.32,33630.156,0.0
30,12,0,0,1,0,24490.8359375,25064.515625,0,0,0,29554.53125,24892.113,24892.969,0.0
29,17,0,0,0,0,26614.6796875,28503.7265625,0,0,0,29315.140625,27913.691,27914.547,0.0
26,12,0,0,1,0,30564.5625,39387.09765625,0,0,0,39898.6171875,36580.02,36580.875,0.0
22,13,0,0,1,0,24490.8359375,26854.83984375,0,0,0,39159.75390625,26106.922,26107.777,0.0
30,16,0,0,1,0,23511.201171875,25243.548828125,0,0,0,27042.396484375,24707.967,24708.824,0.0
32,16,1,0,1,0,15282.28125,19693.548828125,0,0,0,28076.8046875,18318.867,18319.725,0.0
29,17,0,0,1,0,33307.53515625,34016.12890625,0,0,0,26980.33203125,33793.9,33794.758,0.0
55,12,0,0,1,0,16653.767578125,17545.16015625,0,0,0,16254.9921875,17303.936,17304.793,0.0
22,14,0,0,1,0,21551.935546875,21483.87109375,0,0,0,23200.306640625,21514.17,21515.027,0.0
28,12,1,0,1,0,19592.66796875,24169.35546875,0,0,0,25860.21484375,22728.969,22729.826,0.0
46,12,0,0,1,0,0.0,0.0,1,1,0,0.0,74.83339,75.76268,0.88629186
24,12,0,0,1,0,13714.8681640625,13427.4189453125,0,0,0,17732.71875,13537.125,13537.981,0.0
21,12,0,0,1,0,20068.76953125,21215.322265625,0,0,0,56892.47265625,20858.266,20859.121,0.0
24,12,0,0,1,0,19706.3046875,6624.193359375,0,0,0,25121.3515625,10348.216,10349.065,0.0
20,11,1,0,0,1,0.0,0.0,1,1,1,3972.5400390625,42.106647,43.035942,0.6840195
26,16,0,0,1,0,21551.935546875,21483.87109375,0,0,0,29492.466796875,21519.785,21520.64,0.0
29,8,0,0,1,1,10775.966796875,8951.61328125,0,0,0,9605.22265625,9547.214,9548.049,0.0
43,17,0,0,1,0,43103.87109375,44758.06640625,0,0,0,41376.34375,44235.242,44236.1,0.0
26,12,0,0,1,0,19592.66796875,21125.806640625,0,0,0,21982.66015625,20650.867,20651.725,0.0
49,16,0,0,1,0,12504.041015625,12353.2255859375,0,0,0,12560.67578125,12447.42,12448.276,0.0
25,10,0,0,1,1,20964.154296875,23632.2578125,0,0,0,23495.853515625,22792.371,22793.23,0.0
28,16,0,0,1,0,19592.66796875,21483.87109375,0,0,0,32509.984375,20900.926,20901.781,0.0
23,11,1,0,1,1,15674.1337890625,8414.515625,0,0,0,8866.359375,10564.988,10565.837,0.0
48,17,0,0,1,0,0.0,0.0,1,1,0,0.0,82.96846,83.89775,0.9044224
46,12,0,0,1,0,15674.1337890625,734.032287597656,0,0,0,20688.171875,4904.7725,4905.622,0.0
27,17,0,0,1,0,24098.982421875,22200.0,0,0,0,25860.21484375,22816.91,22817.768,0.0
41,12,0,0,1,0,28017.515625,30435.484375,0,0,0,32509.984375,29681.906,29682.764,0.0
21,8,1,0,0,1,989.267822265625,3695.89697265625,0,0,1,4279.61279296875,2863.25,2864.106,0.0
47,12,1,0,1,0,23511.201171875,32225.806640625,0,0,0,17732.71875,29481.441,29482.295,0.0
28,12,0,0,1,0,14694.5009765625,15933.87109375,0,0,0,0.0,15560.329,15561.186,0.0
46,10,0,0,1,1,20944.5625,21338.85546875,0,0,0,21131.490234375,21240.91,21241.766,0.0
25,12,0,0,1,0,15282.28125,16112.9033203125,0,0,0,25121.3515625,15865.937,15866.794,0.0
38,12,0,0,1,0,33307.53515625,31330.64453125,0,0,0,31771.12109375,31965.436,31966.29,0.0
35,16,0,0,1,0,0.0,19693.548828125,1,0,0,17732.71875,13480.712,13481.568,0.0
23,8,0,0,1,1,0.0,1713.15002441406,1,0,1,4232.30908203125,1200.527,1201.383,1.5047432e-16
29,17,1,0,1,0,50940.9375,41177.41796875,0,0,0,39603.0703125,44208.7,44209.535,0.0
53,4,1,0,1,1,11892.7490234375,8951.61328125,0,0,0,10344.0859375,9903.003,9903.838,0.0
33,11,1,0,1,1,6857.43359375,11637.0966796875,0,0,0,0.0,10152.351,10153.207,0.0
41,16,0,0,1,0,35582.2421875,34016.12890625,0,0,0,42854.0703125,34524.168,34525.023,0.0
29,13,0,0,1,0,23511.201171875,25064.515625,0,0,0,0.0,24581.918,24582.773,0.0
27,17,0,0,1,0,22727.494140625,22379.03125,0,0,0,24086.943359375,22504.55,22505.406,0.0
21,12,0,0,0,0,0.0,0.0,1,1,1,8048.60302734375,42.790916,43.72021,0.707632
25,11,1,0,1,1,14694.5009765625,6624.193359375,0,0,0,7107.86474609375,8973.485,8974.334,0.0
34,12,0,0,1,0,17633.400390625,0.0,0,1,0,0.0,4888.7095,4889.5586,0.0
20,12,1,0,0,0,1367.56823730469,12532.2578125,0,0,0,2955.453125,9011.675,9012.53,0.0
53,8,1,0,1,1,0.0,0.0,1,1,0,0.0,80.752266,81.68156,0.9047271
20,11,0,0,0,1,3844.08154296875,9846.7744140625,0,0,0,13299.5390625,7963.7,7964.556,0.0
27,15,1,0,0,0,25470.46875,24169.35546875,0,0,0,29554.53125,24592.246,24593.102,0.0
25,12,0,0,1,0,43691.6484375,30435.484375,0,0,0,33987.7109375,34502.746,34503.582,0.0
31,12,0,0,1,0,0.0,0.0,1,1,0,0.0,56.109154,57.038452,0.79571825
46,16,0,0,1,0,38597.5546875,37596.7734375,0,0,0,48764.9765625,37925.68,37926.53,0.0
46,8,0,0,1,1,15674.1337890625,17903.2265625,0,0,0,17732.71875,17226.357,17227.213,0.0
26,17,0,0,1,0,0.0,0.0,1,1,0,11821.8134765625,55.506256,56.43555,0.77381516
30,14,0,0,1,0,0.0,32225.806640625,1,0,0,22165.8984375,22020.75,22021.605,0.0
39,11,1,0,1,1,9992.2607421875,11637.0966796875,0,0,0,7260.07080078125,11150.743,11151.601,0.0
31,13,0,0,1,0,20572.30078125,33658.06640625,0,0,0,31032.2578125,29513.225,29514.082,0.0
28,12,0,0,1,0,23511.201171875,21483.87109375,0,0,0,23643.625,22138.133,22138.988,0.0
35,10,1,0,1,1,15674.1337890625,16470.96875,0,0,0,23643.625,16242.546,16243.401,0.0
30,11,1,0,1,1,0.0,0.0,1,1,1,590.781799316406,55.42489,56.35418,0.7769778
28,11,0,0,1,1,0.0,62661.2890625,1,0,0,118218.1328125,42772.47,42773.324,0.0
21,15,0,0,0,0,1763.34008789062,9667.7421875,0,0,0,4137.63427734375,7186.7793,7187.6357,0.0
55,12,0,0,1,0,35266.80078125,32225.806640625,0,0,0,25860.21484375,33211.734,33212.59,0.0
35,7,0,0,1,1,34091.2421875,28287.09765625,0,0,0,25121.3515625,30106.645,30107.48,0.0
20,11,0,0,1,1,12735.234375,7161.29052734375,0,0,0,14038.40234375,8827.396,8828.247,0.0
26,12,0,0,1,0,0.0,71.6128997802734,1,0,0,0.0,87.849,88.77829,0.5065223
43,11,1,0,1,1,17633.400390625,14322.5810546875,0,0,0,17732.71875,15388.226,15389.062,0.0
28,16,0,0,0,0,11755.6005859375,6445.1611328125,0,0,0,0.0,8039.8438,8040.6934,0.0
55,11,0,0,1,1,31048.501953125,31053.14453125,0,0,0,28076.8046875,31075.43,31076.285,0.0
51,12,0,0,0,0,67594.703125,62661.2890625,0,0,0,71669.7421875,64203.883,64204.734,0.0
50,12,0,0,1,0,0.0,0.0,1,1,0,0.0,79.826515,80.755806,0.9036443
34,14,0,0,1,0,36834.21484375,0.0,0,1,0,0.0,10162.696,10163.546,0.0
28,16,0,0,1,0,21551.935546875,18619.35546875,0,0,0,44331.796875,19560.83,19561.676,0.0
27,12,1,0,1,0,19004.888671875,19693.548828125,0,0,0,19210.4453125,19489.547,19490.402,0.0
47,14,1,0,1,0,29390.9609375,27750.0,0,0,0,36647.6171875,28293.7,28294.555,0.0
48,10,1,0,1,1,27429.734375,30435.484375,0,0,0,29554.53125,29501.324,29502.182,0.0
42,12,1,0,1,0,14988.390625,11185.9345703125,0,0,0,0.0,12396.615,12397.45,0.0
24,12,0,0,1,0,18808.9609375,17903.2265625,0,0,0,18323.810546875,18203.14,18203.998,0.0
23,12,0,0,1,0,24098.982421875,26854.83984375,0,0,0,17437.173828125,25982.668,25983.523,0.0
47,12,0,0,0,0,0.0,0.0,1,1,0,0.0,75.24625,76.17555,0.8895612
29,15,0,0,0,0,30368.634765625,28645.16015625,0,0,0,44331.796875,29197.258,29198.113,0.0
34,12,0,0,1,0,30564.5625,24885.484375,0,0,0,24678.033203125,26667.455,26668.293,0.0
51,12,0,0,1,0,44083.50390625,41177.41796875,0,0,0,48764.9765625,42105.742,42106.594,0.0
23,16,0,0,0,0,15674.1337890625,21483.87109375,0,0,0,26599.078125,19654.34,19655.195,0.0
45,12,1,0,1,0,25470.46875,26695.5,0,0,0,27898.0,26328.832,26329.688,0.0
22,14,0,0,1,0,30368.634765625,20588.7109375,0,0,0,27485.71484375,23596.39,23597.225,0.0
44,11,1,0,1,1,24294.908203125,35806.453125,0,0,0,29554.53125,32168.543,32169.402,0.0
35,12,1,0,1,0,16065.98828125,16086.0478515625,0,0,0,19210.4453125,16105.538,16106.395,0.0
52,15,0,0,1,0,39185.3359375,35806.453125,0,0,0,38420.890625,36895.277,36896.133,0.0
52,8,0,0,1,1,5290.0205078125,0.0,0,1,0,6797.5419921875,1513.5261,1514.3755,0.0
34,17,0,0,1,0,29389.001953125,31330.64453125,0,0,0,25712.44140625,30725.672,30726.53,0.0
46,4,0,0,1,1,15674.1337890625,14322.5810546875,0,0,0,8866.359375,14780.403,14781.259,0.0
30,10,1,0,1,1,22335.642578125,0.0,0,1,0,121173.578125,6175.3555,6176.205,0.0
23,8,0,0,1,1,0.0,1713.15002441406,1,0,1,4232.30908203125,1200.527,1201.383,1.5047432e-16
22,13,0,0,0,0,7739.10400390625,3759.67749023438,0,0,0,16254.9921875,4941.584,4942.4326,0.0
29,13,0,0,1,0,23511.201171875,25064.515625,0,0,0,0.0,24581.918,24582.773,0.0
24,16,1,0,0,0,19494.705078125,15217.7421875,0,0,0,23643.625,16562.201,16563.037,0.0
26,13,0,0,0,0,7449.13232421875,5729.0322265625,0,0,0,9605.22265625,6290.922,6291.758,0.0
53,7,0,0,1,1,19592.66796875,19693.548828125,0,0,0,22165.8984375,19693.816,19694.672,0.0
20,14,0,0,0,0,15674.1337890625,17008.064453125,0,0,0,26599.078125,16597.281,16598.14,0.0
23,12,0,0,1,0,22982.19921875,24033.2890625,0,0,0,14777.265625,23704.703,23705.559,0.0
47,16,0,0,1,0,50940.9375,53709.67578125,0,0,0,54675.8828125,52825.05,52825.91,0.0
24,10,1,0,0,1,0.0,0.0,1,1,1,0.0,45.972076,46.901367,0.71849173
23,14,0,0,1,0,11755.6005859375,11637.0966796875,0,0,0,25121.3515625,11696.692,11697.548,0.0
22,12,1,0,1,0,13665.8857421875,17903.2265625,0,0,0,13299.5390625,16572.885,16573.742,0.0
25,5,1,0,0,1,0.0,0.0,1,1,1,12187.41015625,41.58185,42.51114,0.70719093
22,13,0,0,0,0,783.706726074219,0.0,0,1,0,2305.25341796875,251.01645,251.86581,7.2992366e-23
26,12,0,0,1,0,15674.1337890625,13427.4189453125,0,0,0,0.0,14153.308,14154.153,0.0
45,12,0,0,1,0,24686.76171875,15217.7421875,0,0,0,27929.03125,18093.146,18093.996,0.0
44,16,0,0,1,0,31348.26953125,30435.484375,0,0,0,19210.4453125,30743.764,30744.621,0.0
27,14,1,0,0,0,19592.66796875,25064.515625,0,0,0,28815.66796875,23339.758,23340.613,0.0
46,8,0,0,1,1,0.0,8951.61328125,1,0,0,0.0,6157.4424,6158.2983,0.0
30,12,0,0,1,0,1959.26684570312,1790.32263183594,0,0,0,1477.7265625,1882.2145,1883.0598,0.0
51,12,1,0,1,0,23511.201171875,25601.61328125,0,0,0,25121.3515625,24967.555,24968.41,0.0
17,7,1,0,0,1,0.0,0.0,1,1,1,3023.87890625,33.850994,34.78029,0.63469386
28,16,0,0,1,0,27429.734375,25064.515625,0,0,0,31032.2578125,25825.375,25826.23,0.0
35,10,1,0,0,1,17045.62109375,14322.5810546875,0,0,0,16846.08203125,15201.724,15202.558,0.0
28,16,0,0,1,0,15674.1337890625,19693.548828125,0,0,0,28815.66796875,18438.7,18439.555,0.0
26,15,0,0,0,0,979.633422851562,1879.83874511719,0,0,0,3250.99853515625,1631.9214,1632.7775,0.0
43,12,0,0,1,0,27233.80859375,25064.515625,0,0,0,29554.53125,25772.629,25773.484,0.0
32,12,0,0,1,0,23511.201171875,25064.515625,0,0,0,26599.078125,24583.576,24584.434,0.0
23,12,1,0,1,0,15674.1337890625,16202.4189453125,0,0,0,19210.4453125,16050.051,16050.906,0.0
27,16,0,0,1,0,26841.955078125,22200.0,0,0,0,19210.4453125,23663.852,23664.69,0.0
53,13,0,0,1,0,1567.41345214844,3938.70971679688,0,0,0,4728.72509765625,3245.0952,3245.9512,0.0
28,12,0,0,1,0,14694.5009765625,15933.87109375,0,0,0,0.0,15560.329,15561.186,0.0
45,14,0,0,1,0,13714.8681640625,19102.7421875,0,0,0,30145.62109375,17428.291,17429.146,0.0
23,10,1,0,1,1,0.0,936.438598632812,1,0,1,11233.259765625,673.6035,674.4594,3.9795682e-09
47,12,0,0,1,0,36246.4375,31796.12890625,0,0,0,42854.0703125,33214.848,33215.69,0.0
25,16,1,0,0,0,20233.34765625,19335.484375,0,0,0,23052.53515625,19635.973,19636.828,0.0
20,12,0,0,1,0,9796.333984375,13427.4189453125,0,0,0,10713.517578125,12292.26,12293.116,0.0
50,12,0,0,1,0,0.0,0.0,1,1,0,0.0,79.826515,80.755806,0.9036443
23,12,1,0,1,0,16708.626953125,10491.2900390625,0,0,0,7565.9599609375,12385.656,12386.505,0.0
44,5,1,0,1,1,9796.333984375,8951.61328125,0,0,0,8866.359375,9255.621,9256.478,0.0
27,17,0,0,1,0,32327.90234375,25064.515625,0,0,0,36943.1640625,27323.65,27324.484,0.0
49,11,0,0,1,1,25470.46875,25064.515625,0,0,0,25121.3515625,25219.062,25219.922,0.0
27,12,0,0,1,0,30760.48828125,25064.515625,0,0,0,31908.55078125,26845.416,26846.25,0.0
23,12,0,0,1,0,10775.966796875,7161.29052734375,0,0,0,16993.85546875,8292.591,8293.44,0.0
53,14,1,0,1,0,7641.140625,8421.677734375,0,0,0,8127.49609375,8228.0625,8228.918,0.0
19,12,0,0,1,0,9208.5537109375,5550.0,0,0,0,11526.2666015625,6666.3965,6667.2456,0.0
37,11,1,0,1,1,10188.1865234375,13964.515625,0,0,0,13299.5390625,12798.237,12799.093,0.0
24,16,0,0,0,0,19592.66796875,17903.2265625,0,0,0,16993.85546875,18454.656,18455.512,0.0
28,12,0,0,1,0,24383.07421875,15217.7421875,0,0,0,19210.4453125,17993.473,17994.32,0.0
44,13,0,0,1,0,0.0,0.0,1,1,0,0.0,73.46452,74.393814,0.87881047
31,12,0,0,1,0,27429.734375,22379.03125,0,0,0,0.0,23966.236,23967.07,0.0
53,12,0,0,1,0,29389.001953125,26854.83984375,0,0,0,26599.078125,27685.209,27686.062,0.0
54,13,0,0,1,0,27429.734375,25422.580078125,0,0,0,24382.48828125,26089.727,26090.582,0.0
25,16,0,0,1,0,15674.1337890625,15217.7421875,0,0,0,19062.673828125,15383.681,15384.536,0.0
29,4,1,0,0,1,0.0,0.0,1,1,1,762.914611816406,45.447273,46.376564,0.7400957
53,12,0,0,1,0,47649.3671875,47894.7109375,0,0,0,50242.703125,47818.05,47818.906,0.0
39,12,0,0,1,0,30760.48828125,32583.87109375,0,0,0,34726.57421875,32014.145,32015.002,0.0
29,17,0,0,1,0,3526.68017578125,15217.7421875,0,0,0,24382.48828125,11540.273,11541.129,0.0
29,14,0,0,1,0,27429.734375,22099.7421875,0,0,0,29644.673828125,23771.172,23772.008,0.0
45,12,1,0,1,0,24490.8359375,21483.87109375,0,0,0,28076.8046875,22459.387,22460.232,0.0
32,17,0,0,1,0,31348.26953125,28645.16015625,0,0,0,28076.8046875,29513.129,29513.984,0.0
25,12,1,0,1,0,22139.71484375,33300.0,0,0,0,29554.53125,29759.898,29760.752,0.0
22,13,0,0,1,0,24490.8359375,26854.83984375,0,0,0,39159.75390625,26106.922,26107.777,0.0
48,16,0,0,1,0,68574.3359375,59080.64453125,0,0,0,62064.515625,62052.14,62052.984,0.0
19,11,1,0,0,1,29725.99609375,8806.5966796875,0,0,0,9457.4501953125,14708.632,14709.48,0.0
33,8,1,0,1,1,21551.935546875,22379.03125,0,0,0,27485.71484375,22129.742,22130.598,0.0
27,12,0,0,1,0,3526.68017578125,0.0,0,1,0,5910.90625,1008.72394,1009.57324,0.0
48,8,0,0,1,1,11755.6005859375,8844.193359375,0,0,0,3073.67138671875,9785.207,9786.042,0.0
34,14,0,1,1,0,17633.400390625,17903.2265625,0,0,0,8866.359375,17842.387,17843.242,0.0
37,13,0,0,1,0,45063.13671875,35806.453125,0,0,0,27337.94140625,38682.504,38683.34,0.0
36,12,0,0,1,0,33307.53515625,30435.484375,0,0,0,31032.2578125,31353.184,31354.04,0.0
28,12,0,0,0,0,17829.328125,5012.9033203125,0,0,0,16240.21484375,8643.899,8644.748,0.0
23,12,1,0,0,0,6494.96923828125,12532.2578125,0,0,0,14186.1748046875,10638.583,10639.438,0.0
23,12,0,0,1,0,8840.2119140625,7161.29052734375,0,0,0,10416.4951171875,7709.1255,7709.9614,0.0
33,10,1,0,1,1,23511.201171875,12532.2578125,0,0,0,18471.58203125,15771.595,15772.444,0.0
